rank,score,bucket,relevance,id,name,status,asset_type,capacity_mw,duration_hours,energy_gwh,investment_eur_bn,location,developer,planning_reference,technology,counting_rule,source,url,reasons
1,117,Promising,in Ireland,storage-news-1a2c46b802a0,100MW battery project in Ireland energised and ready to go operational in Q1 2021 - energy-storage.news,Operational / connected,Battery energy storage,100.0,,,,Ireland,,,100MW battery project in Ireland energised and ready to go operational in Q1 2021 energy-storage.news,Do not include in renewable generation totals unless this is explicitly connected renewable generation.,energy-storage.news,https://news.google.com/rss/articles/CBMitAFBVV95cUxPZ1JYMHp6X2FWbF9hUl96TkVFbWkzLWlfcmdHTUNCU2QtejNiR1g2QVNjM0luSmFZWVpJREdJajZJRmJfUVF1Wjg4TlNZRXNvd0NzalZOV1owWGF3cG44NmRfVTFkUW1lRUJKSGRqZTRqMkgzeDYzRzhnS19sZS1pNVJjX1pmd3pVQ0U0VDU4NFpXU1FiZGk4YUtGSE9ySTVwWS1BS2p4VERXa2l5YjNyZUhaMkg?oc=5,storage-specific language; Ireland-sited or Ireland-specific; >=50 MW; operational; connected; energised; planning; counting rule present
2,114,Promising,in Ireland,rathrush-green-energy-park-carlow,Rathrush Green Energy Park,Proposed / pre-application consultation,LDES / green hydrogen storage,600,70,42,2,"Rathoe / Tullow area, Co. Carlow",Net Zero Energy (NZE),PC01.319679,Long-duration energy storage using green hydrogen and lined underground rock caverns,Do not include in renewable generation totals. Track as enabling infrastructure.,"RTÉ News, 8 Jun 2026",https://www.rte.ie/news/2026/0608/1577361-energy-firm-unveils-2bn-carlow-storage-project/,storage-specific language; Ireland-sited or Ireland-specific; >=50 MW; energy capacity stated; 4h+ duration; planning reference; trusted source: rte.ie; planning; proposed; consultation; counting rule present
3,113,Promising,in Ireland,storage-news-93cef3cf0291,150MW battery energy storage system approved in Northern Ireland - Solar Power Portal,Approved,Battery energy storage,150.0,,,,Ireland,,,150MW battery energy storage system approved in Northern Ireland Solar Power Portal,Do not include in renewable generation totals unless this is explicitly connected renewable generation.,Solar Power Portal,https://news.google.com/rss/articles/CBMitgFBVV95cUxPaHZPeTZQV0lNQWkwZnZaamRJcHhjYWhBYWNVeGxFbjVveFlFWFI5QzlmaDBXRXhtS0FyUUh6a2xwMVh6SDZNUWlSRTF4Y1NtaW1GYk1BZVgzbFRtSGU1NGZuV1lXR0pBMzhNWlBaaGVCTWhpUEVxN3Q3OFlWVEtJb3F6Qlo4bTMxMmlhQ2l5TzR2RlNBd0hoYXp3RGt2ZjRMSTc1QmgwSXVZdGxhbHZNaXRXZzZ4UQ?oc=5,storage-specific language; Ireland-sited or Ireland-specific; >=50 MW; operational; connected; approved; planning; counting rule present
4,105,Promising,in Ireland,storage-news-0812b3169b96,600 MW LDES facility with green hydrogen electolyzer proposed in Ireland - ess-news.com,Proposed / planning,LDES / green hydrogen storage,600.0,,,,Ireland,,,600 MW LDES facility with green hydrogen electolyzer proposed in Ireland ess-news.com,Do not include in renewable generation totals unless this is explicitly connected renewable generation.,ess-news.com,https://news.google.com/rss/articles/CBMirgFBVV95cUxQODJJcVRHRUtyeW81Y29uZjRoeDZsSUJhT3BNZ01ZOFFfUHBIQ2IyYnpIcEZ4ODhNR0xYcHBvNVNJb3I4ZFBNMDBleWxmMGtadWt3aDlCSjlxQVo3VnhqOHB2MjY4emVsM29idms0M2VpdEpnU3lXS2oydDBlNHZpSjExNzFKNDEteHQ4a0tudTlVUFBkVC15cVZFak1SRkZ4ellQVWZ6T1JpNEJWeXc?oc=5,storage-specific language; Ireland-sited or Ireland-specific; >=50 MW; operational; connected; planning; proposed; counting rule present
5,105,Promising,in Ireland,storage-news-f038a97ccca9,€2bn Rathrush Green Energy Project: State-owned Irish NZE Unveils 600MW Hydrogen Plant Build-out - constructionreviewonline.com,Proposed / planning,LDES / green hydrogen storage,600.0,,,2.0,Ireland,,,€2bn Rathrush Green Energy Project: State-owned Irish NZE Unveils 600MW Hydrogen Plant Build-out constructionreviewonline.com,Do not include in renewable generation totals unless this is explicitly connected renewable generation.,constructionreviewonline.com,https://news.google.com/rss/articles/CBMi0gFBVV95cUxQbTc2LTNwSDhMSzBxdTg5N3o0eXNHLVR0UmZuYzVuc2pZaHBDZzg4UDc4cEtmSGIwMk16SHp2MDRpeHVWc2w4RlBTclp1c3VXRHdrcjg2dzE0bWZlUW1xS2JNeFFuYU1RZzNFbV85TDZCQmFaaXdxcy1ub3dpVHhfU2dPNEd2RGt6cUZ1M2VmajNsQ2JSejNGNVRLbmU1TmcxUTdhbWx2NGZlUmh2dzJidGNZenB1UFhLSjhkckJpV0tsZHlpajZYWGh0cmVDU0p3ZkE?oc=5,storage-specific language; Ireland-sited or Ireland-specific; >=50 MW; operational; connected; planning; proposed; counting rule present
6,105,Promising,in Ireland,storage-news-c25e701d0227,RES submits planning application for 100MW Irish BESS - Solar Power Portal,Proposed / planning,Battery energy storage,100.0,,,,Ireland,,,RES submits planning application for 100MW Irish BESS Solar Power Portal,Do not include in renewable generation totals unless this is explicitly connected renewable generation.,Solar Power Portal,https://news.google.com/rss/articles/CBMipwFBVV95cUxNNGl4N2pqaGd6MWY4NjZZdEV0X3h3SjZxbHZEYmRKc1AxRTFDd0wwTEVNeXA4SkpoQzFsWXRNTElwZ1pBZDBmalg1TG4tQUxaa1FseGtqWUc4SUdfR2lxSm9QMDZOd0dpOUZOODB5bWJLWUF4bWhNZE92VUg4dVhlUzNPT295NjFBbGx2azRySUE5U0ZSZEZMYVBVVXRrUTN5TnhVNy1oQQ?oc=5,storage-specific language; Ireland-sited or Ireland-specific; >=50 MW; operational; connected; planning; proposed; counting rule present
7,105,Promising,in Ireland,storage-news-8c05dda52339,Gaelectric submits planning application for 330MW compressed air storage system in Northern Ireland - energy-storage.news,Proposed / planning,Storage / grid flexibility,330.0,,,,Ireland,,,Gaelectric submits planning application for 330MW compressed air storage system in Northern Ireland energy-storage.news,Do not include in renewable generation totals unless this is explicitly connected renewable generation.,energy-storage.news,https://news.google.com/rss/articles/CBMizAFBVV95cUxPclhnclJCUlJpTFRlajNNQ3hteXp0TGpFOG9WNndoNXhRZVZBUEVvck1lR1B2M3ZnLWdscGZabjBXTTh6Ql9heFBhMHRHaUQ5TUI4d3BkcENoN2NPckZRRU9SaUVVQVd4a19VMWRuWkEteFhBallkcnBhdF83Wkc4Nld4ejRVX05Nc2VJemhZcFVvc3RwWko2Znl3NjNwQ2ZtUHpYQUlyQVE1Tld3aU9YeEI0Z05BTGZBdkk4TU5ESUZheURUQzcwWHUyemU?oc=5,storage-specific language; Ireland-sited or Ireland-specific; >=50 MW; operational; connected; planning; proposed; counting rule present
8,99,Promising,in Ireland,storage-news-639e7bc3d33d,Google and Energy Dome Partner on 200 MWh Long-Duration Energy Storage Project in Ireland - themachinemaker.com,Watch item,Storage / grid flexibility,200.0,,,,Ireland,,,Google and Energy Dome Partner on 200 MWh Long-Duration Energy Storage Project in Ireland themachinemaker.com,Do not include in renewable generation totals unless this is explicitly connected renewable generation.,themachinemaker.com,https://news.google.com/rss/articles/CBMiwAFBVV95cUxQWjBGUFNJN1FnYVJRYlV3bXpvLTBOUko4WXhDcmlaQmJDTjVDcnY0LTFyLS11Y0ZSUTJJYmxndXU5YkpmYVZ3TVRJcmI1MW5vTWR2aTJvZklTYURyRGw1d1NFZW5kX0FzZWxIek5FYTVvTTl2LTItakpWV2p1TzdHXzdFQ00xMWhKR2NUM3Uzb0k0ZDBQYjBJZWpid2pTOUFsU3ZoX0FqUkw0ejV6LTIwc0QySUI1ZmpOOEExWnd1R2Y?oc=5,storage-specific language; Ireland-sited or Ireland-specific; >=50 MW; operational; connected; planning; counting rule present
9,99,Promising,in Ireland,storage-news-2a5c21fee598,Ireland’s Corre Energy buys 280MW Texas compressed air energy storage project - energy-storage.news,Watch item,Storage / grid flexibility,280.0,,,,Ireland,,,Ireland’s Corre Energy buys 280MW Texas compressed air energy storage project energy-storage.news,Do not include in renewable generation totals unless this is explicitly connected renewable generation.,energy-storage.news,https://news.google.com/rss/articles/CBMirgFBVV95cUxOUVFFZ1VSTmNRQ0FDc0Qyam9JSXBQRHg5akFuQzBzVS1LMkM0VHptTUZVbTUtMC1WS2pXN0stU3R3WDlGckxJRndnNGdkV0U2VXhraEh6anFyaXg4di1sTDMtU0NDSk1XdlczMFBPY3VpZklFamR1d2hkMzRrc2tqYW53Vm92eW5ta0VMWXZuLXhDLXZ1RzZMQ2hWX1F0NVZ1a01RaHlLUFVTREdSQkE?oc=5,storage-specific language; Ireland-sited or Ireland-specific; >=50 MW; operational; connected; planning; counting rule present
10,99,Promising,in Ireland,storage-news-b91073235ffd,Construction starts on 170MWh hybrid energy storage project in Ireland - energy-storage.news,Watch item,Storage / grid flexibility,170.0,,,,Ireland,,,Construction starts on 170MWh hybrid energy storage project in Ireland energy-storage.news,Do not include in renewable generation totals unless this is explicitly connected renewable generation.,energy-storage.news,https://news.google.com/rss/articles/CBMipgFBVV95cUxPMFlnaXh3aktxNGt6emkwM2FmT0NNQmttLUtZZ3VEOUFFZHpCUjlDSlc0UXNRTndwZG1SNm9IcDN5XzkwaHdmYXdYajVkUncxUFgxSmVmOHRSX3ZwVlhRNmU5cHlIUHVDV1NFMzZQT0lhb1RDdjVrbGJXUGp0dHR5UUdzdGYzY1FYU0FnUHdjbmh3M3M3SGJYaTI3QjlJTnFkSkJvWTVR?oc=5,storage-specific language; Ireland-sited or Ireland-specific; >=50 MW; operational; connected; planning; counting rule present
11,99,Promising,in Ireland,storage-news-f5b70dbec2df,Irish state-owned utility ESB announces 100MWh of battery energy storage - energy-storage.news,Watch item,Battery energy storage,100.0,,,,Ireland,,,Irish state-owned utility ESB announces 100MWh of battery energy storage energy-storage.news,Do not include in renewable generation totals unless this is explicitly connected renewable generation.,energy-storage.news,https://news.google.com/rss/articles/CBMiqAFBVV95cUxQZWhmeUtMN01mYTUwanQ2OTRjTldBTmdfbFBiTWtDMzNvQ1A4TmZGcklIRnhYZl9NSURXaWFDOVc2WUJvaE5DajljUHJzb2g5eXl2Z3RNTHd5RXZXOW1hSnlzX1poRlJObmdVOWlTTXozaVprS1lyR1cwc2Y1VTdPV3djUE9DUk5KUFhMTV9fdFZXNW5DVUhiWDZ5M1VIUzRING9rWWRhbDQ?oc=5,storage-specific language; Ireland-sited or Ireland-specific; >=50 MW; operational; connected; planning; counting rule present
12,99,Promising,in Ireland,storage-news-6d369d395243,Google and Energy Dome launch 200 MWh CO2 battery project in Ireland - Interesting Engineering,Watch item,Battery energy storage,200.0,,,,Ireland,,,Google and Energy Dome launch 200 MWh CO2 battery project in Ireland Interesting Engineering,Do not include in renewable generation totals unless this is explicitly connected renewable generation.,Interesting Engineering,https://news.google.com/rss/articles/CBMilgFBVV95cUxNNG9oWXprSVd1Rzh0VXFqZGRyM3BXNlI2NV9NbW1uSkdBcU1uTklNMUh1T1huYUQ4WDlpS1l5eXdUdmw1MmJ0cjdHMjRLbTZoVkdUVHlzR0pjUEpGc0pMZDFCQUtKYmFvbjd2TGJ1RkFFT1dfektER0JQMGNYdFB4VGxFWjNLNVlic2ZYcXV1aG9kNElJckE?oc=5,storage-specific language; Ireland-sited or Ireland-specific; >=50 MW; operational; connected; planning; counting rule present
13,99,Promising,in Ireland,storage-news-58ef1c153f03,Ireland's largest 75MW/ 150MWh battery storage comes online - etn.news,Watch item,Battery energy storage,75.0,,,,Ireland,,,Ireland's largest 75MW/ 150MWh battery storage comes online etn.news,Do not include in renewable generation totals unless this is explicitly connected renewable generation.,etn.news,https://news.google.com/rss/articles/CBMifEFVX3lxTE95Tjcyd2tRQTlGOVdkaGdnZjJCU3ozZzl6QTNhMFhPVzVQUk90bTdvU3R4QjlvYnJPbjlYYW9WMGdyUkhPRFNiZ2V6SVFkcVd5aEJZVVl1SkdRT21oUVFPWEplcnBIaEJISS11RG1LQUdkaVF2dlQ4a0dGTnXSAYsBQVVfeXFMT3NuRmVMUUIxc3c5U096WG5TRTdhUEJaYkZYNmlOajR4dzI3aDNqdUdiRk52TGoyNFY1UjJSVDAxYTFobE5obW1CUlh3ZGF2djl4djRFdXFEbTJRVzdaSGQ5YWlYVTRPMFZtSkN4aGRDWGN3dC1VVXh3Z1FjekVPZUVwV1l3OHJHOHg4SQ?oc=5,storage-specific language; Ireland-sited or Ireland-specific; >=50 MW; operational; connected; planning; counting rule present
14,99,Promising,in Ireland,storage-news-e0838e33ae6f,SSE Renewables acquires 120MW/240MWh Irish BESS - Solar Power Portal,Watch item,Battery energy storage,120.0,,,,Ireland,,,SSE Renewables acquires 120MW/240MWh Irish BESS Solar Power Portal,Do not include in renewable generation totals unless this is explicitly connected renewable generation.,Solar Power Portal,https://news.google.com/rss/articles/CBMinwFBVV95cUxPRHZsUWJQa2dBRmR3aTZnWWY0YVJKdVY3Mll6MUF5YWF2STVTTFBvUjhqcmF3NDBVaHR6ODlRdTBaR1A4MVJIcFZ5OC1YNklvbFFQcjlFdlF1cmpIai1ZbVkwM1N1ZzVNTjlhcDNDOUw2UkNuNWJ5UHppUzVrVzF6X1htRFAxQ3JTOV9qVzVtUEdBcnlVSXVYeDRWTlc2OW8?oc=5,storage-specific language; Ireland-sited or Ireland-specific; >=50 MW; operational; connected; planning; counting rule present
15,99,Promising,in Ireland,storage-news-79935bdfcc0d,Approval for 200 MW Italian battery owned by Ireland’s Aer Soléir - ess-news.com,Watch item,Battery energy storage,200.0,,,,Ireland,,,Approval for 200 MW Italian battery owned by Ireland’s Aer Soléir ess-news.com,Do not include in renewable generation totals unless this is explicitly connected renewable generation.,ess-news.com,https://news.google.com/rss/articles/CBMiowFBVV95cUxQWlVjWXdJdTROZFphM2xtcGc1R1FUMTUzdnBfNjBnTU41WnhkMVVTUFF0MFh0VF84Q0JEQmlNN1BzM0lGcGYzdmZzeTY1QXVyTFczUERyUlBKdkpmY0xkTEx4NFdUWWpEbWNPVU8tSlhKcjZiVmt6dXZld3FQSy1jdk16NWlmcnlzZ2dibGJueW1Gd0ZxUFc4eUUtN3g4anQ1R2h3?oc=5,storage-specific language; Ireland-sited or Ireland-specific; >=50 MW; operational; connected; planning; counting rule present
16,99,Promising,in Ireland,storage-news-519d13d08360,Centrica reveals early stage plans for a 100MW battery in Ireland - energy-storage.news,Watch item,Battery energy storage,100.0,,,,Ireland,,,Centrica reveals early stage plans for a 100MW battery in Ireland energy-storage.news,Do not include in renewable generation totals unless this is explicitly connected renewable generation.,energy-storage.news,https://news.google.com/rss/articles/CBMinwFBVV95cUxOcGFRY2tadlNEdm5zOGkwN3BLU1dpT2Q4NGVoaVRwV2JhV3ZKMXRXT1VhUjJiWEZQRkdzUGlQOW1ZUlJOZGZ4TGJ0ZWdRWmpRZFBWRWFsb2xRQV82cWFGSWFjVGlodm1aVGVfMGIySG5oLUZVUmpjdEZYQ3dsUDd2alhsV1p6S2luamoyc3JLdEJBa3Fxd2VDY3dFb0ZIbWc?oc=5,storage-specific language; Ireland-sited or Ireland-specific; >=50 MW; operational; connected; planning; counting rule present
17,95,Promising,in Ireland,storage-news-b7a7e44f319f,Ireland utility-scale energy storage forecast to exceed 1.5GWh in 2025 - energy-storage.news,Watch item,Storage / grid flexibility,,,1.5,,Ireland,,,Ireland utility-scale energy storage forecast to exceed 1.5GWh in 2025 energy-storage.news,Do not include in renewable generation totals unless this is explicitly connected renewable generation.,energy-storage.news,https://news.google.com/rss/articles/CBMipgFBVV95cUxQamtINjI1Y2JLWTlPZmdKSUE4ZkttNGZWVUtua1NHMWF2R2NxZUd4c2NHUFRIbkl1S0JpN1RNT01xaWNuTW16VkpDV2ZmaXVwM0l5Tk5Fek9VaXUzSGlpWk01X3BBN2VqejR6bEZOZTN5Tl9ib0RMQnV6Z1lCSFo1M0xXdmg5QURHajFWVm5uY3JkbVRwdjdqa1BYODRiNWdHWTQ4aXp3?oc=5,storage-specific language; Ireland-sited or Ireland-specific; energy capacity stated; operational; connected; planning; counting rule present
18,95,Promising,in Ireland,storage-news-ce5719fea3ab,Ireland in line for 1 GWh iron-air battery storage project - ess-news.com,Watch item,Battery energy storage,,,1.0,,Ireland,,,Ireland in line for 1 GWh iron-air battery storage project ess-news.com,Do not include in renewable generation totals unless this is explicitly connected renewable generation.,ess-news.com,https://news.google.com/rss/articles/CBMimwFBVV95cUxPcS1WQ1NSVzl6TG15cWd0VWZld2JkNTVFcld5OWtEWENMdW1BaG8zSTYtZXJQNDRLVUxXRndqX01ST1d5d3ItNHJxLW1VVDdMS2pFSVROeU0xVTh2US1zc19tLUFyaTBCM0JxRmN3eDFQNkw4eWJZQlhhOGxPa0xSYVJIWDZLVURVR0lUYWZJdzRCUW5XRFdqaDIzRQ?oc=5,storage-specific language; Ireland-sited or Ireland-specific; energy capacity stated; operational; connected; planning; counting rule present
19,93,Promising,in Ireland,storage-news-04b2893f28ed,'Securing planning approval in six months reflects the strength of this project' - northernirelandworld.com,Proposed / planning,Storage / grid flexibility,,,,,Ireland,,,'Securing planning approval in six months reflects the strength of this project' northernirelandworld.com,Do not include in renewable generation totals unless this is explicitly connected renewable generation.,northernirelandworld.com,https://news.google.com/rss/articles/CBMi0AFBVV95cUxQS29qVWp0aHhfOGlUUjAzLWt2bDNTRHZyRWpuOWxXaTk3RC01TWhTYUpQYlFBNkgxQ0I5dm1vNVJQTnFMYUx3QlQyYUNTWGZtRnNjbG05cTZ6U2g5UjdCX09Zbzlqczg3dDE3dDVENnNXSzJqU0RSQjduQ1VuT0tVV1RyLUdfZjFxaklSY0dYTVRkaVVDeHh0dkNBbUJRREs5eGVmclBMNkdnSi1FLXlZR053NE51UWplRUNaNjVZUWNkVmg2cWlJQndENXRiQzAz?oc=5,storage-specific language; Ireland-sited or Ireland-specific; operational; connected; planning; proposed; counting rule present
20,93,Promising,in Ireland,storage-news-349c388d5c0d,Meath solar farm reduced by 67ac for second planning application - Irish Farmers Journal,Proposed / planning,Storage / grid flexibility,,,,,Co. Meath,,,Meath solar farm reduced by 67ac for second planning application Irish Farmers Journal,Do not include in renewable generation totals unless this is explicitly connected renewable generation.,Irish Farmers Journal,https://news.google.com/rss/articles/CBMiuAFBVV95cUxNZ0FzNUVETllJTHRZVDVXWmotemtrZEZ5eHVkaDU4bUNORFhmYjVQSHduVzNkNklVRE0teVRWdzhpSnl6azJNYXdXdVd6Vy1DM19XU0tMd3otLWlYVmlrRHMwUkI4c2xpVUU4eGlKSk5OUzc2TXdyck5oVnJSTWQ1NWkyNk9hVHRfZ0RORWIwY1JGQ2Z4UHA3REpZUjNtNVR0OGQzcnRoMFlsTkFlUnVXeWVjVE1UeUNz?oc=5,storage-specific language; Ireland-sited or Ireland-specific; operational; connected; planning; proposed; counting rule present
21,93,Promising,in Ireland,storage-news-b81e850ec2e0,Renewable Energy: Update on permit-granting procedures in Ireland (including planning Regulations) - Arthur Cox LLP,Proposed / planning,Storage / grid flexibility,,,,,Ireland,,,Renewable Energy: Update on permit-granting procedures in Ireland (including planning Regulations) Arthur Cox LLP,Do not include in renewable generation totals unless this is explicitly connected renewable generation.,Arthur Cox LLP,https://news.google.com/rss/articles/CBMiowFBVV95cUxORm9JR3RGdlRUNk1MNDlQQkN6STV2TGE3Qk5xUlMxMnJ2LVhiY1RrZUEtQlpNc19hWkk4RVNnYnB6SnBaV3IzOHBVSDlpMDVQeVh4YjRMYlRfbVpLRWNkcjhOMERMeW8tekVBVVc4NllCcnNfM01CVjZrYy1ZWVR1ZjRXVGoyb3VkNUNIZUtwQnJxRTZlQzVTNG1BemJqTnMtczlV?oc=5,storage-specific language; Ireland-sited or Ireland-specific; operational; connected; planning; proposed; counting rule present
22,93,Promising,in Ireland,storage-news-2ae60d83748f,Appealed lodged over planning approval for County Roscommon battery energy storage facility - roscommonherald.ie,Proposed / planning,Battery energy storage,,,,,Co. Roscommon,,,Appealed lodged over planning approval for County Roscommon battery energy storage facility roscommonherald.ie,Do not include in renewable generation totals unless this is explicitly connected renewable generation.,roscommonherald.ie,https://news.google.com/rss/articles/CBMi2wFBVV95cUxPc1lwVDhTdHk0N0ZNQl92U1pKUXBWM1d1RTA4dl9QVzZ0ektVdlh6emYzVW8ybWUxMldxbDYtQkx6eG1hdTNXTFFVYmsxa2hpU0tGNXpOWVQzN3QyX3JsUy03bkgzT25vUmd2OXc4LVl3Z3JpQ3pMbHNYdVRkNnV4Uy00TXJ6Q2F4ZnRibkYybm9GWEt0M0kxYnhDdHJRVG9qTGQyalJxY3VUc1BoazNNX2UzUHduWjVrTDBTMWJzZmttMm4wV2RZZEN6b0JwR21vNTBoa0xlWWI2TDQ?oc=5,storage-specific language; Ireland-sited or Ireland-specific; operational; connected; planning; proposed; counting rule present
23,93,Promising,in Ireland,storage-news-5926e301f5ad,Planning authority's decision on big Buncrana battery storage farm on hold - Donegal Live,Proposed / planning,Battery energy storage,,,,,Co. Donegal,,,Planning authority's decision on big Buncrana battery storage farm on hold Donegal Live,Do not include in renewable generation totals unless this is explicitly connected renewable generation.,Donegal Live,https://news.google.com/rss/articles/CBMiswFBVV95cUxQclIzTzZ3RldNUTdndjF2Uk44RmRHOUs0NmJhbDMxZVd3UDg2QWtCQTc4Qm1OUklacHgtSWUtVlhrdnhvMHJvRnBCNVp2blltR2pwWXZ6czBmeVVieXExLVFSNFhmdE01VUNtVlF5UHNBWEZpdjlFZDdfME93a2FkQW1MQXdyV2tfLU8wUnRQajVoTV9mTFdGZlI1amtTVXpFd2JDeEFHNGJ0RHVuVVVTd2lUaw?oc=5,storage-specific language; Ireland-sited or Ireland-specific; operational; connected; planning; proposed; counting rule present
24,93,Promising,in Ireland,storage-news-5b97504ad657,Antrim and Newtownabbey Borough Council planning committee approves battery energy storage system - northernirelandworld.com,Proposed / planning,Battery energy storage,,,,,Ireland,,,Antrim and Newtownabbey Borough Council planning committee approves battery energy storage system northernirelandworld.com,Do not include in renewable generation totals unless this is explicitly connected renewable generation.,northernirelandworld.com,https://news.google.com/rss/articles/CBMi9wFBVV95cUxPMkRLWnhTOXVyVnZOUDlibVh0WndMc2RBQkpqdG1CX0tCeGJfbWpESGtERUVyUDVVdkZTZl9QM3o1dzl0M3Rmd1VMbnNUUlNqWmdURkxmTXltME1oNkRPZ1FaV1JzV2E0aEFJNEVqcFc2Z1F4OTg2Nlp0RC1uRTlTOTNuVGRkUzRmdmRkQlpORFRkZ3RFRnpmWWxyZXVQSEhZX0hsdWxBZmNaTkE4bWI3WFhSc19iMmZMV2lRNFlicl9ubm9zZVlQNm94MnhFSGxTTlkxSGlrRHY3eUhWcHcwNENoNzdSOHpkdXRzSkJoTWJMQXNGTS1z?oc=5,storage-specific language; Ireland-sited or Ireland-specific; operational; connected; planning; proposed; counting rule present
25,93,Promising,in Ireland,storage-news-4ae4a5734e17,"Echelon Data Centres seeks planning permission for data center in Kilmeaden, Ireland - datacenterdynamics.com",Proposed / planning,Storage / grid flexibility,,,,,Ireland,,,"Echelon Data Centres seeks planning permission for data center in Kilmeaden, Ireland datacenterdynamics.com",Do not include in renewable generation totals unless this is explicitly connected renewable generation.,datacenterdynamics.com,https://news.google.com/rss/articles/CBMixgFBVV95cUxQbXJmQWFmUEZtbk5SYXVudjdPTmJscXlfMzRRUFNWSlhnNmlOOWUxQW9jVXhkNmhrZ3pTUm5wWjlyb2d3WlVMS0t1Ny1EdjBrd3lucE5HWW5TQnEzdG85RVpTaTFRMkw1Vk05ZGxOQVVYbTFwN1lrbE1adEQwdG9jZ1ZuQ2NuZ0lTSTFzdno5d0JaS21GaTJEM3F5N2tJUkZKRzZvMXVwQUdIcmJHR1dNWmFDOGQ5b2hXaGxRdGFHb1NiOWxOdGc?oc=5,storage-specific language; Ireland-sited or Ireland-specific; operational; connected; planning; proposed; counting rule present
26,93,Promising,in Ireland,storage-news-93120bda48ff,Shannon LNG granted planning – ‘It’s a victory for common sense over ideological dogma’ - Irish Independent,Proposed / planning,Storage / grid flexibility,,,,,Ireland,,,Shannon LNG granted planning – ‘It’s a victory for common sense over ideological dogma’ Irish Independent,Do not include in renewable generation totals unless this is explicitly connected renewable generation.,Irish Independent,https://news.google.com/rss/articles/CBMi8wFBVV95cUxQRzBoSDNBMW10WjJESHF4Y2pOUTNjZVhHUy1zOWpObTBGcGtGUXAtWVVMUkVWaF9Ud0xPQVRZZ0lILVBtNkliQnh6QnBHc3ZYVGxQXzNhZ0F4MU1hQklWTnV6UGc5ZGM2dm9ZazFfZ1JuZ01SZktkRGZaVThIQUhIalZ2N19sY2JzRXh6ZENTdHp3UFVTWGkzaXdxdkxxWWpPSFpmdmk1bUY1eG1sSWtXM2JvSWtEelMydDZkTlVRVVRCWERlLUpacnRFU0FkMHpwTFZrLS1iRjAtMjRnMmJPMS1kOWVGVWR3ZE9ERHNaUGhpZWs?oc=5,storage-specific language; Ireland-sited or Ireland-specific; operational; connected; planning; proposed; counting rule present
27,93,Promising,in Ireland,storage-news-e78fb42facf8,Planning consultant: 'It was designed to integrate into the landscape' - northernirelandworld.com,Proposed / planning,Storage / grid flexibility,,,,,Ireland,,,Planning consultant: 'It was designed to integrate into the landscape' northernirelandworld.com,Do not include in renewable generation totals unless this is explicitly connected renewable generation.,northernirelandworld.com,https://news.google.com/rss/articles/CBMisAFBVV95cUxQWkd5bFMyX2cyOHBkT0tROUgzbkN5LVBpZE5KeUZMcFR2a2lQY1dVM2UzV0p1S1FsNjluSldMcnhRSEdqanExOC1yeHliUWF0cU1ra2g3SEtyUnlRSmNqQnlOODUyekRtWFlvN2lxajZQYkF1NVlMM21fU09nWk5McTQ0M01GTGRsbld2aEcwbmQzOW80MU5DbnNOMU5ZVHFOSS10SXNGVUdaN0NhenJfeA?oc=5,storage-specific language; Ireland-sited or Ireland-specific; operational; connected; planning; proposed; counting rule present
28,93,Promising,in Ireland,storage-news-2fa54a38845c,'Are they bribing us?' Carlow community by proposed hydrogen storage wants answers - Carlow Live,Proposed / planning,LDES / green hydrogen storage,,,,,Co. Carlow,,,'Are they bribing us?' Carlow community by proposed hydrogen storage wants answers Carlow Live,Do not include in renewable generation totals unless this is explicitly connected renewable generation.,Carlow Live,https://news.google.com/rss/articles/CBMiugFBVV95cUxOaWFZN2ZmdWxmRGRyVXY3Vm5NUEowYTMtblhjcjZvbGlVUzNjRzZEXzA0MTNsd0p3Y0YwczBWT3Y0VDEzb0t3MVB6b0M4LWE0dWwtZHYwVWFFTnVaaW9qR2ZySkloemQtd0ppX0xOMEdsNGVxSDBUa1hDU25QQklxb2ZJWVUtSWFuUmVseFdwRzV0YzlJUUtjVDFPMUQ5cGpibzVYUnMtVkl6NmZQZld3anphMm51Tlc4NkE?oc=5,storage-specific language; Ireland-sited or Ireland-specific; operational; connected; planning; proposed; counting rule present
29,92,Promising,in Ireland,storage-news-c66062d05110,Google announces 23MW CO2 battery project in Co Offaly - Engineers Ireland,Watch item,Battery energy storage,23.0,,,,Co. Offaly,,,Google announces 23MW CO2 battery project in Co Offaly Engineers Ireland,Do not include in renewable generation totals unless this is explicitly connected renewable generation.,Engineers Ireland,https://news.google.com/rss/articles/CBMirgFBVV95cUxQWUdiYzBua2FaMDRZR2RJV1BoSGdDS3MwZFhMT1BFeHljcTk5NWhaWUh1ZU9kSUVibVhKcDJWa3N1TjhRQlpDVERBdTBBOXlxV1dwSVJCUm00Rk9GcnN6Y0tiY0NGaEZBSHp4ZUpCbmhFaldEY2g3MmtxemdmVm1jSTJQd3FVcXFrMGZnWmV6cnpsQ0xSdGxndTJqcDgwVURVVTNFXzZjTGYtMEd1c2c?oc=5,storage-specific language; Ireland-sited or Ireland-specific; capacity stated; operational; connected; planning; counting rule present
30,92,Promising,in Ireland,storage-news-d43d56b7dd4f,"Google, Energy Dome to develop 23MW energy storage project in Rhode, Ireland - datacenterdynamics.com",Watch item,Storage / grid flexibility,23.0,,,,Ireland,,,"Google, Energy Dome to develop 23MW energy storage project in Rhode, Ireland datacenterdynamics.com",Do not include in renewable generation totals unless this is explicitly connected renewable generation.,datacenterdynamics.com,https://news.google.com/rss/articles/CBMiugFBVV95cUxNN2JWTlFkb1pBck1FSzhWTkZwN1J5bVBuR083Q1drd0h1anNNTzVEVl9DcGhNZnU4ejlaVGxuNDFLLURuenAxTVQ4VzNJS0xqdzFqdDUxMjdYZUhScFQ0V2NCTFFmdHNUSmFWb3ZnSmx6YkdkSDhFejNJQzFLS2l5WFNLUEU0Y0daVmlRZk5vSXJXM0ZnQmZXSlYtWC1GeHJMVml3aktEYXVJLVpTSUVtZWQ1YXpnTFg5NVE?oc=5,storage-specific language; Ireland-sited or Ireland-specific; capacity stated; operational; connected; planning; counting rule present
31,92,Promising,in Ireland,storage-news-57727a5065aa,"Form Energy plans 10MW/1,000MWh BESS in Ireland - Solar Power Portal",Watch item,Battery energy storage,10.0,,,,Ireland,,,"Form Energy plans 10MW/1,000MWh BESS in Ireland Solar Power Portal",Do not include in renewable generation totals unless this is explicitly connected renewable generation.,Solar Power Portal,https://news.google.com/rss/articles/CBMingFBVV95cUxPUTU4dWFKdXFJNERiWEdEUVQ1QU5QdlZwSE1qR3Z6R0ZOaFVHVnFPOURyX2pqbkp6SS10NWh3Y1B5NV9WWkQ4ejMxWERNOTFSaV9pcFhpUzVPZng5bDNyLV9iOXVZbmU5VG5qSm42eE5zMUttLTdFejVTckNoTlcxWmt1dld5MzJhOWVRTHo1T1lYd2Znci1WUDVCQnhTZw?oc=5,storage-specific language; Ireland-sited or Ireland-specific; capacity stated; operational; connected; planning; counting rule present
32,92,Promising,in Ireland,storage-news-e1a54f2186fe,Irish state-owned utility ESB buys 7MWh stake in UK grid storage - energy-storage.news,Watch item,Storage / grid flexibility,7.0,,,,Ireland,,,Irish state-owned utility ESB buys 7MWh stake in UK grid storage energy-storage.news,Do not include in renewable generation totals unless this is explicitly connected renewable generation.,energy-storage.news,https://news.google.com/rss/articles/CBMingFBVV95cUxNUjdKM2hISWgxbWtLd2FhYXNKaVotU0ctdG5RLUFVV3RDQzFGZjNhekV2UkNzMTJ4XzZPSWdfeGVNUExyTmN1QjRxTmNHSVZJTVZiTmFiOXE2VGdqaEYwUy11eHlja0hVR3p2Ym5iZEJtaVhuWE5Qc2FlUXE5Zl9VMC1RNUgwUVptMXU3R0pxRHYtalp3ODFNTnpJcVNxUQ?oc=5,storage-specific language; Ireland-sited or Ireland-specific; capacity stated; operational; connected; planning; counting rule present
33,91,Watch,benchmark only,storage-news-f111fe37f998,September sees 2.5GWh of BESS approved in UK - energy-storage.news,Approved,Battery energy storage,,,2.5,,,,,September sees 2.5GWh of BESS approved in UK energy-storage.news,Do not include in renewable generation totals unless this is explicitly connected renewable generation.,energy-storage.news,https://news.google.com/rss/articles/CBMigwFBVV95cUxQVVI2c3lnbWZoSmxPcm42ZTBiU0hObmd6TmhmSU41aENia0FqMnY2S1lJcjFPM0tQRGZfVC1ETl90STNNVkpyaVQwWDE4ZGF2VnhLMnRKRXRrMk1aOVNpRGl2VjFnYWJUbTVVNGRGQ053VXllWGNiMTVsMS1ObXozQ0ZBWQ?oc=5,storage-specific language; benchmark only; energy capacity stated; operational; connected; approved; planning; counting rule present
34,87,Promising,in Ireland,storage-news-a769aec97904,Kerry battery storage facility is acquired - Irish Examiner,Watch item,Battery energy storage,,,,,Co. Kerry,,,Kerry battery storage facility is acquired Irish Examiner,Do not include in renewable generation totals unless this is explicitly connected renewable generation.,Irish Examiner,https://news.google.com/rss/articles/CBMidkFVX3lxTE9NczdiQkc3VElvTnFhNXlmQkxLMkFNRkkyU0h2X3kycHdrS21SWThQWjd3TGpURGN1LVQ4N1g0bVR3YmkzMkdnWGhzOXNwSlZqVTlKaURaQlFnR3c0ZVN1RVhCX1RKRmU5QVpxNFN2Nm9kcDdDa0E?oc=5,storage-specific language; Ireland-sited or Ireland-specific; operational; connected; planning; counting rule present
35,87,Promising,in Ireland,storage-news-093d1c1d32fb,Google and Energy Dome Sign First Bilateral Agreement for Long-Duration Energy Storage Project in Ireland - emeoutlookmag.com,Watch item,Storage / grid flexibility,,,,,Ireland,,,Google and Energy Dome Sign First Bilateral Agreement for Long-Duration Energy Storage Project in Ireland emeoutlookmag.com,Do not include in renewable generation totals unless this is explicitly connected renewable generation.,emeoutlookmag.com,https://news.google.com/rss/articles/CBMi5wFBVV95cUxQWkJlYlRueGdoNWtXdm5tMFgwSnYyaUhSNUNrMk1iRnI3RjZWNEYwTk9RTzRuZVVJWGMtaGJ6YUVRbGl6eUhZamduY2Z5LVlzbDF2UDJMdTBBbWJja0NFbVpDbUVISE81bkRKdUpJc3dpamNSVDhqUEpLYTUwQy1wRmE0UU9vbUs3VmdpN3JiZDc1Ry1raGloelB0VEpHcWpsVEdYc3NrRXViTW40M19SSXdqb1dfZmtiLVpMbFZNcUpBZGNYSGZBNmh5Y0huOHJBYm1EbFhBX3ZmZWNaRGtyNS0zNW45QTA?oc=5,storage-specific language; Ireland-sited or Ireland-specific; operational; connected; planning; counting rule present
36,87,Promising,in Ireland,storage-news-83fdc5f11515,Fieldfisher identifies challenges in Irish battery storage market - Irish Legal News,Watch item,Battery energy storage,,,,,Ireland,,,Fieldfisher identifies challenges in Irish battery storage market Irish Legal News,Do not include in renewable generation totals unless this is explicitly connected renewable generation.,Irish Legal News,https://news.google.com/rss/articles/CBMitAFBVV95cUxNZHV3TkphNndUVndDUUZmQ0lHVXBqNVpuLUJRMDNxVDBpVk1qa05PZ29tU2lmTU00SWg2SENiVUI3ZGJid0hkbEVkeVM5SnRlRVp1dWY4dXBpc2pEMVkxLVZXNV9qUEpQdm5Ya2JWRDc2RkYwR3F2T1E0VTVtemF0Vi1NZUo2ZDAxdVF5Yi1XLWI0OFUyaUdVX1RHR2pHcE8tS0JFY3FnLXktb0loRmJFa254MHM?oc=5,storage-specific language; Ireland-sited or Ireland-specific; operational; connected; planning; counting rule present
37,87,Promising,in Ireland,storage-news-e5668c1d9543,Google and Energy Dome Advance Multi-Continent Energy Storage Buildout with First Bilateral Project in Ireland - renewableenergymagazine.com,Watch item,Storage / grid flexibility,,,,,Ireland,,,Google and Energy Dome Advance Multi-Continent Energy Storage Buildout with First Bilateral Project in Ireland renewableenergymagazine.com,Do not include in renewable generation totals unless this is explicitly connected renewable generation.,renewableenergymagazine.com,https://news.google.com/rss/articles/CBMirgFBVV95cUxOUVZTTThDR1RFV2ZoMXVrUENiZzhiVnRnVE5OcEx1ak1IWTl2MkNLWU9IQTk0dUItWlQ2eDNTZ2prX0RBRWFjdGV3T2VmRlVzRVF3MGx3RnFXbmdXUDdlLXliYlVFOFc1Y3Nkejc2TmdVVzlPbEMwa0JyQjdLM1lvSnBweGY3TzhFNUtWWnotSUtseXlic1I2VE9oUFpjTDRUT0c4eklGQmp5VXZqU2c?oc=5,storage-specific language; Ireland-sited or Ireland-specific; operational; connected; planning; counting rule present
38,87,Promising,in Ireland,storage-news-728e95f97378,"Google agrees long-duration energy storage project in County Offaly, Ireland - iom3.org",Watch item,Storage / grid flexibility,,,,,Co. Offaly,,,"Google agrees long-duration energy storage project in County Offaly, Ireland iom3.org",Do not include in renewable generation totals unless this is explicitly connected renewable generation.,iom3.org,https://news.google.com/rss/articles/CBMirwFBVV95cUxNSndsSlhiaUFnTUZOQlJQS0swMGNaeGJqS2lxRXoweHkwSHBpWFkyNS1zdnU3M0Qwci1mUUs1b3EtdlM2b2U2TkN3cmtQaVI5SEU5cUVHNU5MVWxUTFpNTm10SExYX1hrcTc4amtDbGg3ZDdUc211NFcwQmo0QkRUWmcyOGVwSW9Ja0ZYUVdVRzdsQnpZQS1FY2dkUXZaQ1U3M0dQNkstV2xVXy1xWDBR?oc=5,storage-specific language; Ireland-sited or Ireland-specific; operational; connected; planning; counting rule present
39,87,Promising,in Ireland,storage-news-af70f45cf118,Energy Dome and Google announce new energy storage facility in Offaly - Irish Independent,Watch item,Storage / grid flexibility,,,,,Co. Offaly,,,Energy Dome and Google announce new energy storage facility in Offaly Irish Independent,Do not include in renewable generation totals unless this is explicitly connected renewable generation.,Irish Independent,https://news.google.com/rss/articles/CBMixgFBVV95cUxNekFLTS1XNEhvV0FDd0lJUXJlcjhKZ2ZzTWhKczdDX2FRNmlyV2szZERXenNKT1ZzMEhWWjQ4V1RTaWx2MTZ6OUdXc0dJeUFBbE5iYXNLSUNWREVFNE1NN1NMZHp3Z1dha3NKa09CcjVJNXJ4Z1hqVzE0ckZ0MTF4ckE3Umt4YUNKZlBTVENmVEVXS2VucDFLaXI4ME5HU2NBS3puVUNEdTY1bllqQzFSNDBwdm8yVlNLcDV0MVhmcjVSdmh6dmc?oc=5,storage-specific language; Ireland-sited or Ireland-specific; operational; connected; planning; counting rule present
40,87,Promising,in Ireland,storage-news-b16c9c610eab,Capital Dynamics acquires Irish battery storage project - netzeroinvestor.net,Watch item,Battery energy storage,,,,,Ireland,,,Capital Dynamics acquires Irish battery storage project netzeroinvestor.net,Do not include in renewable generation totals unless this is explicitly connected renewable generation.,netzeroinvestor.net,https://news.google.com/rss/articles/CBMirgFBVV95cUxNQVBjb3F2NGloZXo2TUdrOUlZWlRDeGUyUlp5LVVkc0RVZzFBb0VFRzk0TklVTkEteGprR3BwSk5YbXRDYUxFQWNJMU5vSWlKeVVwSVRRMm14cnVKRTI0bnhLRUY3WGl4a0NlMTRsbUtZSTRVZ1EzaHNsNTRnSENGMnFTOEZrR3gya1ZXZ3VSTUtpMURmTHVwMjZMQWFfMzhDRkJtaG5qYlFsTDBmdGc?oc=5,storage-specific language; Ireland-sited or Ireland-specific; operational; connected; planning; counting rule present
41,87,Promising,in Ireland,storage-news-f7097aa4a9b7,Major development in plan to develop battery storage project in Offaly - offalyexpress.ie,Watch item,Battery energy storage,,,,,Co. Offaly,,,Major development in plan to develop battery storage project in Offaly offalyexpress.ie,Do not include in renewable generation totals unless this is explicitly connected renewable generation.,offalyexpress.ie,https://news.google.com/rss/articles/CBMisgFBVV95cUxNQ1JzZ1l3bW5CWmpxLVRlRnNlSzdDd3VWcXMxME5RYm5USWtSU0pKTjFPX2NRTjRZVnAzN3FZcTl6MHNsZXFYWW1fVW5NWUd6WTkwaENnbGFScHJpeGxwZDZGSFVBbFlkWDBXeFFXUVdkWVRhUXpBSWZHU2s2Tk5BQTVVTGJKaWZya2pndHdDbUZwNGl2bi1KVWxua2ZtaGlDOHNjS29FUms5aDdoWi1IbmFB?oc=5,storage-specific language; Ireland-sited or Ireland-specific; operational; connected; planning; counting rule present
42,87,Promising,in Ireland,storage-news-914ec51c10c2,ESB lodge plan for battery storage project in East Cork - echo live,Watch item,Battery energy storage,,,,,Co. Cork,,,ESB lodge plan for battery storage project in East Cork echo live,Do not include in renewable generation totals unless this is explicitly connected renewable generation.,echo live,https://news.google.com/rss/articles/CBMiYEFVX3lxTE5mUzFObWRpdGpJLXZVSEhTWlBxZG5RcUlfZnpXVUZzd3hhRzA0cGJKcVlZME5LMTdZS1dOS3FxazZYd2dYejNqQkhWSlpWZzFzU3JzdVc2aXdJWUdHRlczRQ?oc=5,storage-specific language; Ireland-sited or Ireland-specific; operational; connected; planning; counting rule present
43,87,Promising,in Ireland,storage-news-43ddbd66125c,Energy Dome’s second CO2 Battery project with Google will secure carbon-free energy for tech giant while easing grid congestion in Ireland - energy-storage.news,Watch item,Battery energy storage,,,,,Ireland,,,Energy Dome’s second CO2 Battery project with Google will secure carbon-free energy for tech giant while easing grid congestion in Ireland energy-storage.news,Do not include in renewable generation totals unless this is explicitly connected renewable generation.,energy-storage.news,https://news.google.com/rss/articles/CBMi_wFBVV95cUxQb0ZxbjhpM0lJLWdNSnBvUm5SaTdXdl83R1c2cGdKckR3Y0V2Sl9pTGdnRmxVbFNLbHJUeEoxV1J5T0taZjBTZFdJTHJvVGlLVDVrY0U5Y095REpnd3Q5UlFORG01eG04TzRnYjloemF5VlRyMlI2M2tTVktOY19pNGFaYnRGRHF3ampzWnZvSi1JSllxWUdsTnR1RnZXVTdmYURGS2ZUUVViTmhIV0ctRHJkNmdTWmpEQklnUkItLVVmUXVOMTZPTGE2Tjk3S09YSWtoS3M1ZVpvVTJoYTFfbEQ4d3loMlRmU1Q5cElpenJybTJ1c3pJNzYzZVNvRjQ?oc=5,storage-specific language; Ireland-sited or Ireland-specific; operational; connected; planning; counting rule present
44,87,Promising,in Ireland,storage-news-38d734b520b0,Google expands CO2 battery technology portfolio with new Ireland project - edie.net,Watch item,Battery energy storage,,,,,Ireland,,,Google expands CO2 battery technology portfolio with new Ireland project edie.net,Do not include in renewable generation totals unless this is explicitly connected renewable generation.,edie.net,https://news.google.com/rss/articles/CBMimgFBVV95cUxObjIzTEpHOG1SQzdidVlDRDlSOWRmNkhrbndhNnlzb19GZ1NFWHRqbnRyVWd1V0F1c3NRTmdicHZRemNYRVljZFFtcE04MUZ2TVQ4MnoyTlZic2FoQnRqLU5aN1RNMndVXzZobWJSM3pWeENTTExjS3llMnc4TGp3S3NhQlduRzZLOTNnZDV1VTkwaWtfM1g5c0Jn0gGmAUFVX3lxTE1mSVhBMG1Uc0ZCb3RKSmxpdGt2NEZpMHJrVXRZVktwUmNvd0JENkVxc1AyakJ2eVJxUk9sbktzWTlWMFJHbUl5cmwtNE5XLXpZbGRVclJESXRWQTRGZWZ1R1lpQ3hvTGpvamJRSV9OZ3dsdDBydkU4S0xjMWVKbW1RTktZeUdncXNxbUdTT0NOd01jdFpRcGFvaUNVQnhRd3JfNVRMVUE?oc=5,storage-specific language; Ireland-sited or Ireland-specific; operational; connected; planning; counting rule present
45,87,Promising,in Ireland,storage-news-02695f545ca7,Google and Energy Dome Advance Multi-Continent Energy Storage Buildout with First Bilateral Project in Ireland - finance.yahoo.com,Watch item,Storage / grid flexibility,,,,,Ireland,,,Google and Energy Dome Advance Multi-Continent Energy Storage Buildout with First Bilateral Project in Ireland finance.yahoo.com,Do not include in renewable generation totals unless this is explicitly connected renewable generation.,finance.yahoo.com,https://news.google.com/rss/articles/CBMikwFBVV95cUxPYW9jTnpMZEpLWlFfaGk0RExfT096cXlrNEE4VEVuODFRV19rS0I2c244NU1YcHVQTEJwREU4bmdxZFVOMFFaaURUeVFUcVNCM19Vb3B0dV9ldVA0YUdCR3JSS2ZfZTJkSUhKTjRIMnp3TkFYOFI1MkNTTDF1SFdLdEMyS3NIUllBb0NuaXFvbm5HSVU?oc=5,storage-specific language; Ireland-sited or Ireland-specific; operational; connected; planning; counting rule present
46,87,Promising,in Ireland,storage-news-530d64542043,Google Backs CO₂ Battery Breakthrough of Energy Dome in a First Bilateral Energy Storage Project in Ireland - CarbonCredits.com,Watch item,Battery energy storage,,,,,Ireland,,,Google Backs CO₂ Battery Breakthrough of Energy Dome in a First Bilateral Energy Storage Project in Ireland CarbonCredits.com,Do not include in renewable generation totals unless this is explicitly connected renewable generation.,CarbonCredits.com,https://news.google.com/rss/articles/CBMi2gFBVV95cUxOcVNtcDY2Q3FDdTROSzNYdDJha2ZzSWVNX1dnQTVfT0o1SDJjeVVCanlMQ0ttY2FSejNvdEpDYWZWTUdOdzltRER1X01YQW1mUjEyMTZZbUVkc2h3aXRfNi0yaXpsUnNYTFR3VmlhYVpkQkpETWRwLXRMaTQwU0xmZnJaQnY1akp3TDd4NjRXWWR5WGFFcDBKZ1JkNFdLTThRSk5fNWJWdEhoZW9PYkZvQ1pScmxSVUtoSzhFRkhMaTl6a3YycHNmdXlvRkRoRmNpNmVsMF9KU2xwUQ?oc=5,storage-specific language; Ireland-sited or Ireland-specific; operational; connected; planning; counting rule present
47,87,Promising,in Ireland,storage-news-c83851fbe789,€2Bn Irish Green Hydrogen Energy Storage Project - fuelcellsworks.com,Watch item,LDES / green hydrogen storage,,,,2.0,Ireland,,,€2Bn Irish Green Hydrogen Energy Storage Project fuelcellsworks.com,Do not include in renewable generation totals unless this is explicitly connected renewable generation.,fuelcellsworks.com,https://news.google.com/rss/articles/CBMizgFBVV95cUxPblJNcUNINnNHb1RfVzMybWxQOVRUd0FmUFJzcEpyNDQxUFhCTTR6NXhoUm1mRGlpZC1zWWxjQlVhRjdHR2pjR2tPSTFjN0IweGMtdnZFaXFfd2l2eHNrNXdoVVpnMjlIdFZXcGF1enBYMFdXUUV6NjNmbENtV0JwTXZGZlotcl9GcFRoZVlWbFduTk94TE9UM2dxSFlTdzhFcTFYTTNycHZKYjhuOXhQTTR1UXVsQlBKci1oY1FhODR4WmxOSGJkLWlNVGVXQQ?oc=5,storage-specific language; Ireland-sited or Ireland-specific; operational; connected; planning; counting rule present
48,87,Promising,in Ireland,storage-news-ba674ed880a3,Swiss equity firm backs £100m energy storage project in Islandmagee - The Irish News,Watch item,Storage / grid flexibility,,,,,Ireland,,,Swiss equity firm backs £100m energy storage project in Islandmagee The Irish News,Do not include in renewable generation totals unless this is explicitly connected renewable generation.,The Irish News,https://news.google.com/rss/articles/CBMizwFBVV95cUxON3dtSU1TczR6MnVTNWEzeFpoRVViNzdEeXB5WlVHcnVPUHdpeWlnMzJjaUZsdExHNGl6Ymo0aVVveHVyT01WV2NtQ3ZfSnhOeFA4TVg1Q0tFYkhKMUpERlljcTM4NmhkTmU2NmNNMW9JdGJmQllOS3VTN0ZIMHVzS2tjUERYMGlTOWQ0SHhyYUFlV21HcUVIMGNuS2owdnVVRTBvSVRtbXZpMng1MVBFQXd5U05iU2NiS2x4elZvSjFwQUFTcS1ta0hHM1NyMUU?oc=5,storage-specific language; Ireland-sited or Ireland-specific; operational; connected; planning; counting rule present
49,87,Promising,in Ireland,storage-news-4f9503d09da6,"Capital Dynamics, Solo Renewables partner on 150-MW LDES in N Ireland - renewablesnow.com",Watch item,Storage / grid flexibility,,,,,Ireland,,,"Capital Dynamics, Solo Renewables partner on 150-MW LDES in N Ireland renewablesnow.com",Do not include in renewable generation totals unless this is explicitly connected renewable generation.,renewablesnow.com,https://news.google.com/rss/articles/CBMirAFBVV95cUxNVzViaUhrWkltUEpHbnRwc0RsbGpudnRsT3VhOGxQWHJwRWVLR0ZXdzA4OUtZOUVoMVI3aEg5RHlEZ0gtUEZHT3c3WnVmYy1DMGpfNThWbmdUdF92RzVZWWdfTXBGTXBIQ2R1SUpXajZUc0hiOXJNY3VLS21GYlZ5X3dkeGthdlA3cXdZblVkSzlyUDEzV3U3Q3dnanA2NVJRRm9mbzdSNWtIMXgx?oc=5,storage-specific language; Ireland-sited or Ireland-specific; operational; connected; planning; counting rule present
50,87,Promising,in Ireland,storage-news-dc55d3cb8235,'We're looking forward to delivering a landmark facility': Global investor and Cookstown firm unite behind £100m Northern Ireland Energy Storage Scheme - Belfast News Letter,Watch item,Storage / grid flexibility,,,,,Ireland,,,'We're looking forward to delivering a landmark facility': Global investor and Cookstown firm unite behind £100m Northern Ireland Energy Storage Scheme Belfast News Letter,Do not include in renewable generation totals unless this is explicitly connected renewable generation.,Belfast News Letter,https://news.google.com/rss/articles/CBMinwJBVV95cUxPVDQxMTAzTG01aWVjRUFpV2xQR0xnT1ZNTUVmb203eVJSdTBCUUF6Q3dXaG91U3hGVTZZMU1pZ0FrQlR4ejBGWlFjdjl6aEdTSndjTDZQeFhidUhPZWJIOUN2WGUyRm4yNlpQeXExZFAwNmY1TnNxWDljUFJqTnB2NllIQk9STjJ3c2dmVTRfZ01lYU1JeGM0MEZLOUpYRFFjc2pJNTJQOTc1SG1MNVhKMXlFOXoxVlZLOG1oOEZodEJLd1lhVW8tbkgyRy0xT2NsVGo4Z0pBYWhvNVg5alRnMHY3MzhPQTJnd3FSdllnWEpKSHBWRnNxVVp0azJnZm42VUNqRGZFVElYQWRzNld1Njc5R25RUHczMFZDSmoyUQ?oc=5,storage-specific language; Ireland-sited or Ireland-specific; operational; connected; planning; counting rule present
51,87,Promising,in Ireland,storage-news-8c6b3a40b21d,Energy storage systems hold key to unlocking Ireland’s renewable potential - IDA Ireland,Watch item,Storage / grid flexibility,,,,,Ireland,,,Energy storage systems hold key to unlocking Ireland’s renewable potential IDA Ireland,Do not include in renewable generation totals unless this is explicitly connected renewable generation.,IDA Ireland,https://news.google.com/rss/articles/CBMiekFVX3lxTE5YLWphdWxMeHExVzRNczVmSzBpUll5WUdRcEpTY3FOZFNwQ3gzM2hZaTdWYUNhcUJhTWdKUWoxUlR3T3ZtelQydXk4Y3hqZHcxSEVaM1hSYkVHRVJHSVRwOFpDTTRBeUFpWmkyS3JOWmxEQ2wwOEUycVFR?oc=5,storage-specific language; Ireland-sited or Ireland-specific; operational; connected; planning; counting rule present
52,87,Promising,in Ireland,storage-news-fcad77c86069,Ireland launches LDES procurement scheme - Solar Power Portal,Watch item,Storage / grid flexibility,,,,,Ireland,,,Ireland launches LDES procurement scheme Solar Power Portal,Do not include in renewable generation totals unless this is explicitly connected renewable generation.,Solar Power Portal,https://news.google.com/rss/articles/CBMiuwFBVV95cUxPZ1BNdmd0dnhYN3J5T1NSTkd1NmVWSm9zNlhLQ0c4YndjUTdCclNSeDdCSXRPb3FfYkU1UTBFR3JYVHZHbW9FTHo0THhwQkR2VzZtLVBpeTNvSTlPVW0wS1dVWW5qeXN4UHR1dUNGcXA0OE8zUzFIY0N0QXpDYnY3ZU1WNk9jUnlldFR5YThDT1cwX2lfSWVSMFRwbXdIV0pFTDdXb2xSSWdFeHZHTEtQMW9jN0NiYlQ3N1lV?oc=5,storage-specific language; Ireland-sited or Ireland-specific; operational; connected; planning; counting rule present
53,87,Promising,in Ireland,storage-news-7d58cdfe5828,"Solar project in Cork, with ‘improved’ battery storage, planned for site outside Macroom - Irish Independent",Watch item,Battery energy storage,,,,,Co. Cork,,,"Solar project in Cork, with ‘improved’ battery storage, planned for site outside Macroom Irish Independent",Do not include in renewable generation totals unless this is explicitly connected renewable generation.,Irish Independent,https://news.google.com/rss/articles/CBMi1wFBVV95cUxPMnExMmJ4WTVaY3YwRWxDYnVHaDluMFN6NjJnVXViNWMtNUFHM2dSVDAxeDlUd3d6LXBZc2hKWGRITjA1S1RoQ05VcTI1RU5yajlieFlqRFE0YUxSOENDcks3c3BKVGtwMlBBdzRhTGF5ZzYwaW95ekNCaFAzeUhJdXdMcUVNNjZ0ano1akRqblJKUktaa2NVOXZMSXhYR3oxclZIY0diMmZyel9xcnR2Wnp3VXZ3emRaZm9UcGtVSFFRWHFxUU8yN1RsdGxHVWVqZTlibUhhOA?oc=5,storage-specific language; Ireland-sited or Ireland-specific; operational; connected; planning; counting rule present
54,87,Promising,in Ireland,storage-news-bd65b9f4d457,Critical role of battery storage in Ireland’s energy plans - Irish Examiner,Watch item,Battery energy storage,,,,,Ireland,,,Critical role of battery storage in Ireland’s energy plans Irish Examiner,Do not include in renewable generation totals unless this is explicitly connected renewable generation.,Irish Examiner,https://news.google.com/rss/articles/CBMickFVX3lxTFBCczBKV1Y2SW8zQ0M5UVh2ZGJyeVlsUHRYSTVjRHVNaC1fUU1GSWZ0VjdIUDdxOHlPc2oyNTg4V2p3NWt2RzFhVjA0djZuWV9xd19HNlpmYXhpZmdsUUVNYUtMY0ZKUmtKdVNsN0o3M0RRdw?oc=5,storage-specific language; Ireland-sited or Ireland-specific; operational; connected; planning; counting rule present
55,87,Promising,in Ireland,storage-news-1b43994a5299,Irish regulator plans to reduce grid fees for energy storage - ess-news.com,Watch item,Storage / grid flexibility,,,,,Ireland,,,Irish regulator plans to reduce grid fees for energy storage ess-news.com,Do not include in renewable generation totals unless this is explicitly connected renewable generation.,ess-news.com,https://news.google.com/rss/articles/CBMingFBVV95cUxQelhBc0h5UG13eVNoQnpBc0M4SUZnVnRzZkZUTTVIM096QTVaa1VmOTlhZTU2QUNWYkpCTlZSVFhia2pIX2hWU2NxUWxZa3NEUVRjM0Y5MzBYUUIwMm84WnQ5aXNUN0hJaFB4a01wODB2NTJCVU5IUlZXRy1TeGdHTGZlcG9vUDJXNG16cGZPZTZvb083RjE4dTRkdDBkdw?oc=5,storage-specific language; Ireland-sited or Ireland-specific; operational; connected; planning; counting rule present
56,87,Promising,in Ireland,storage-news-99e2836d7ee0,Grid update to provide major boost to battery storage in Ireland - Energy Storage - ess-news.com,Watch item,Battery energy storage,,,,,Ireland,,,Grid update to provide major boost to battery storage in Ireland - Energy Storage ess-news.com,Do not include in renewable generation totals unless this is explicitly connected renewable generation.,ess-news.com,https://news.google.com/rss/articles/CBMivAFBVV95cUxPbS1tMVRWQ3d0MVpaRlJ5YkI4dmEzQlQ4c3dJcGNEcm5waXZrd3V0R0N5TTRBbU9kUXRtODlKcnlWT3o3dUU0cDNQb3p4Ul8tOVJCb2pzQzJOVXZyNzdnSlVfRG05X3BCeE1IVW0xYWlia21oTFFoZk1TVGtnakxwWEdhQl9KUDQ1OXF4SzdfYi01QzNzNW4tVmhUSkkzdTI5YzRyb1V4R3VqQTJjbEdzbnJIWDJuOGZpWm5CeQ?oc=5,storage-specific language; Ireland-sited or Ireland-specific; operational; connected; planning; counting rule present
57,87,Promising,in Ireland,storage-news-01d8833a3e2a,Policy vacuum on long duration storage threatens Ireland’s renewables growth - cornwall-insight.com,Watch item,Storage / grid flexibility,,,,,Ireland,,,Policy vacuum on long duration storage threatens Ireland’s renewables growth cornwall-insight.com,Do not include in renewable generation totals unless this is explicitly connected renewable generation.,cornwall-insight.com,https://news.google.com/rss/articles/CBMiwgFBVV95cUxPZGlaQ0p6X0VSUy1VN3VuTXIyS3FESGtHTERGQTkxa1FPNEZxOW9mVzBSemVpbEpGWUkwVk8xRmhxTnoyeUIyT09qeEM1SGIwcHNTUHMzNjNJV1M4aEdmdkxtZnQtZm1KTzgwTDFTRDQ2VGlsYmt4T2x2UTN3dHBxM01VZ0lOWUtxblVvQXg1TXJlb0UyUFpoMjMzeVRqaGpvWWtCQ2xUbVJSdkpBRnBnMDlZZWdjbkkxRkJFaDBLdGZSUQ?oc=5,storage-specific language; Ireland-sited or Ireland-specific; operational; connected; planning; counting rule present
58,87,Promising,in Ireland,storage-news-8d47e07eb48a,New €2 billion renewable energy facility planned for Carlow - kildare-nationalist.ie,Watch item,Storage / grid flexibility,,,,2.0,Co. Carlow,,,New €2 billion renewable energy facility planned for Carlow kildare-nationalist.ie,Do not include in renewable generation totals unless this is explicitly connected renewable generation.,kildare-nationalist.ie,https://news.google.com/rss/articles/CBMitgFBVV95cUxOS29JU3VpVEc3VVNsdTNKUnc2a3BxVGEzSGpoendQMmhIVXJjV1BmOGNialRBcFlReG1iQlBhT2l3VDF4eml5alh4RmdqN29kcmZPcllZLTRoNzBDV0dKNDZ5R08zcml2RE1uR0NuRk1CcjAxU1hvMEIyUW9JdEo0dHJOZEhOVDZGRjE0aHVhTmdRYXFvRjdLd0RsaFl2Rl9xS0JKSHVkNmZ5LVFVZFg2dE54NUhRQQ?oc=5,storage-specific language; Ireland-sited or Ireland-specific; operational; connected; planning; counting rule present
59,87,Promising,in Ireland,storage-news-2a4419f207d4,"Capital Dynamics acquires 170-MW, four-hour BESS project in Ireland - renewablesnow.com",Watch item,Battery energy storage,,,,,Ireland,,,"Capital Dynamics acquires 170-MW, four-hour BESS project in Ireland renewablesnow.com",Do not include in renewable generation totals unless this is explicitly connected renewable generation.,renewablesnow.com,https://news.google.com/rss/articles/CBMiqgFBVV95cUxOM2NhbmhzS1hFb1UtZEVJOVl5SVdzR2VjV1JmekpkN0hrMk5EOWlvWFhoVnJBVXlXYUxaWTRtelhtOWo0MXluYXo1cGZkOGFYcGRYZS1iRzhRTHNpRE05R2hFWlNpc2NOdHk4aEdTUGhUVHRNcDhUM3ZpalhIUkxCZmV3TWFRMU1Ycm1YcWhrY0FoUTVWaVlEaFdXZXc2WGs2SUxWYWRIdGxndw?oc=5,storage-specific language; Ireland-sited or Ireland-specific; operational; connected; planning; counting rule present
60,87,Promising,in Ireland,storage-news-d65f7274c651,Massive new “reversible rusting” batteries could help Ireland’s electricity grid shift away from fossil fuels - dublininquirer.com,Watch item,Storage / grid flexibility,,,,,Ireland,,,Massive new “reversible rusting” batteries could help Ireland’s electricity grid shift away from fossil fuels dublininquirer.com,Do not include in renewable generation totals unless this is explicitly connected renewable generation.,dublininquirer.com,https://news.google.com/rss/articles/CBMi1AFBVV95cUxPS29icFJscjBjRktBVVQ2bTdsb1BLVUNHUURDYld2LUJrUzJuTFV0THRNNExhc2RGR2lPOTJneDJmQWI0MkpFSllRWkZwWW0xeVBGOWFTTkhQdlJCcER1T3BnMEh5SnY0SVRidWlDZmZrejdVYlBkbWUta1B0Yy1STWJCVXp5YmdQM3F6X0VhLVZjcWdBaWtxRGdBVEY0RElPSkwxWmh2X3JydDNRUk5sSF9sZjBvWjBRRWxtbzh1RXllNGFCaVZPYzNNM0FMZWhUemhOaA?oc=5,storage-specific language; Ireland-sited or Ireland-specific; operational; connected; planning; counting rule present
61,87,Promising,in Ireland,storage-news-66f83e85893b,The benefits of longer-duration storage and energy project co-location: Ireland's first 4-hour grid-scale BESS - energy-storage.news,Watch item,Battery energy storage,,,,,Ireland,,,The benefits of longer-duration storage and energy project co-location: Ireland's first 4-hour grid-scale BESS energy-storage.news,Do not include in renewable generation totals unless this is explicitly connected renewable generation.,energy-storage.news,https://news.google.com/rss/articles/CBMi2AFBVV95cUxORVZBNkozWXRjSHlSUGJUM0ktRHY1WnVaS3JMNThmcVhKbkVhNUJpdURrSXpkT0pBOGYxbjJuNEl3ZWtZUFhjUll2bmp5STNMUjQ0a2NKMjVjcHB4dE05S3cyQ3RkSmMwZTNYSFh6QVR0dVFQLVFmWS1xOUwzdGlOSDc5UklIRlhfY3dSVFRDSHVFRHBsMDlOTlVZNnpiT24tWk1fTm9teDhPVlNUOUk3UXVPVUx2c2MxUUxucXBSaWQybjJSN0hURGdHNGY1TDBDdHVZbGFWSFI?oc=5,storage-specific language; Ireland-sited or Ireland-specific; operational; connected; planning; counting rule present
62,87,Promising,in Ireland,storage-news-3e4524f91946,Ireland to see major battery storage boom to 2030 - enlit.world,Watch item,Battery energy storage,,,,,Ireland,,,Ireland to see major battery storage boom to 2030 enlit.world,Do not include in renewable generation totals unless this is explicitly connected renewable generation.,enlit.world,https://news.google.com/rss/articles/CBMiiAFBVV95cUxQMmxSNzVYQmFSNGY4S3k3V2NxR3FmWDVuR0dpcXJZQy03OUxNbmRSLWlJQWZncHhqaGM0b09pNHBsMkYzQXlrbXJiMXZ6Sm1QSS15V2RvSkNFOVdmZVNZQktQRTlycWZUZWVvZlBESENQU0lnZW1abG5VNHlaV0xzZ2Yyd1lOU2xR?oc=5,storage-specific language; Ireland-sited or Ireland-specific; operational; connected; planning; counting rule present
63,87,Promising,in Ireland,storage-news-f64d14ddcacf,Battery Energy Storage Systems (BESS) in Ireland and Northern Ireland and the Key Challenges - cornwall-insight.com,Watch item,Battery energy storage,,,,,Ireland,,,Battery Energy Storage Systems (BESS) in Ireland and Northern Ireland and the Key Challenges cornwall-insight.com,Do not include in renewable generation totals unless this is explicitly connected renewable generation.,cornwall-insight.com,https://news.google.com/rss/articles/CBMivwFBVV95cUxPLTJTN293NnJLZlJTaWxORUZxbjFwVzItNEE5d053cV9mVFlucGZGVUhjQWhZa0JHc25pYWM3RzBxZm9TZWlEVmVJNHpzeDhVbUJaWEdXNFdxYzFqWHdXcDMwc05ORXcxTTZNWmZhZUt0aDQzN1BHTlJTWFgwdlk4OFplTHNKb3BYNkQ5YzVSbjVkTno0NUVVN0RPcnR5OGVxdFM0MDV3ZTlnRVZTblpCeUJ2eFp0MjA1djRkRXFVaw?oc=5,storage-specific language; Ireland-sited or Ireland-specific; operational; connected; planning; counting rule present
64,87,Promising,in Ireland,storage-news-1ed26e82fb74,Irish single electricity market set for ‘significant’ battery storage growth - Solar Power Portal,Watch item,Battery energy storage,,,,,Ireland,,,Irish single electricity market set for ‘significant’ battery storage growth Solar Power Portal,Do not include in renewable generation totals unless this is explicitly connected renewable generation.,Solar Power Portal,https://news.google.com/rss/articles/CBMiwwFBVV95cUxPTThsRnFOa2tFanpUemdhQzQxcGIwclBtcDZWcmdWUkQyWFAtdFc3SW92d1JZZERQdzRaRlBVODZsVEtQQ21BMGlQZG16ZUo3OTZDOUNYWVlfeEZnSjgxV2dnU1JDZ3NwTm81V2VFTmJ4T1RSamVwQkJOVEZHWFpiMUlScUhZUkJLTVZwa0lrRFgwMjh6d05xUWQ2NzRIS3c2TjJHOVNkYlpxV2t6UVNEUm95amVtbHM5MjIzQmIyWGhJSzQ?oc=5,storage-specific language; Ireland-sited or Ireland-specific; operational; connected; planning; counting rule present
65,87,Promising,in Ireland,storage-news-ca94659bde27,Battery energy storage systems are a vital piece of Ireland’s renewable energy puzzle - Irish Examiner,Watch item,Battery energy storage,,,,,Ireland,,,Battery energy storage systems are a vital piece of Ireland’s renewable energy puzzle Irish Examiner,Do not include in renewable generation totals unless this is explicitly connected renewable generation.,Irish Examiner,https://news.google.com/rss/articles/CBMickFVX3lxTFBMM1FOeEt6clpNM2V0TDhteEo3c1A1Mjh6SG1JenJBandqRjVWU2ttX2c5RWFxR004c2IyN2dwbURjNXZmZVNtUmxTWkUwUVJObUlvaXIxcmJxY1FwdEh2Rko2bWRkZ0NNY2c0bTJ0UFl3dw?oc=5,storage-specific language; Ireland-sited or Ireland-specific; operational; connected; planning; counting rule present
66,87,Promising,in Ireland,storage-news-f3c1d756a39f,Developer in Ireland submits application for Europe’s first multi-day iron-air battery project - energy-storage.news,Watch item,Battery energy storage,,,,,Ireland,,,Developer in Ireland submits application for Europe’s first multi-day iron-air battery project energy-storage.news,Do not include in renewable generation totals unless this is explicitly connected renewable generation.,energy-storage.news,https://news.google.com/rss/articles/CBMixAFBVV95cUxNcm5PTDJIaWdwUDViNlhQMlpaYVdBWmFXNjJucHFIbk1ZRXluY0tJTmFFSElVYXpVeFRBWkpyS1ctRDFjNTJJekx6VEw0d3JPU09RTlUzVUtFSnhwVlZaUElBbERYVktEMFp6dXFCa0ZUbE5fYVBRa0FRZk1VN0huWkJlLVF3bmg0LUpneGt1R2k2SVZ5dnlKbVlKeXVWREVTME1VWHB6UHItRURjaHFEbS1aRjduaDM4N0c5eXRDbXlETzRE?oc=5,storage-specific language; Ireland-sited or Ireland-specific; operational; connected; planning; counting rule present
67,87,Promising,in Ireland,storage-news-a7ea21f1adfd,Renewable generation in Northern Ireland declines - Belfast News Letter,Watch item,Storage / grid flexibility,,,,,Ireland,,,Renewable generation in Northern Ireland declines Belfast News Letter,Do not include in renewable generation totals unless this is explicitly connected renewable generation.,Belfast News Letter,https://news.google.com/rss/articles/CBMinAFBVV95cUxNcUstVzNlWXFRUkwwbGNWWGVQdW50SDRkSTJYUTh2WGlnS1V1WHRHTWJ6S0s1X3BTU01vcy14SnZtWFotd3FabTc1YW1XdXJpYXVneFNZMFFBTzdzQ0k0RGpjbUN6MW5LbnAzajNtelZ4MTVreEVDQ2dJVHAzTnFUNXJ2emlBX2pxTjl5cmFSNTlsYWt4ZnFVN19mcHc?oc=5,storage-specific language; Ireland-sited or Ireland-specific; operational; connected; planning; counting rule present
68,87,Promising,in Ireland,storage-news-78fabf134428,Renewable energy production falls in Northern Ireland - BBC,Watch item,Storage / grid flexibility,,,,,Ireland,,,Renewable energy production falls in Northern Ireland BBC,Do not include in renewable generation totals unless this is explicitly connected renewable generation.,BBC,https://news.google.com/rss/articles/CBMiXEFVX3lxTE5mYVJvSHo1Mjl4eU5WWHYwRkhtbmx6Nk1PeldzWFF3VXN6cGtWN1Z5VnBLWGd2MUNVMEFLdERBNzYtakV3Y2Exa2dkVWVMSFZ4MTN0VWo1MHd6NzEw?oc=5,storage-specific language; Ireland-sited or Ireland-specific; operational; connected; planning; counting rule present
69,87,Promising,in Ireland,storage-news-de7f27fd64b3,Shannonbridge B: Re-building the inertia backbone for Ireland - Energy Storage - ess-news.com,Watch item,Storage / grid flexibility,,,,,Ireland,,,Shannonbridge B: Re-building the inertia backbone for Ireland - Energy Storage ess-news.com,Do not include in renewable generation totals unless this is explicitly connected renewable generation.,ess-news.com,https://news.google.com/rss/articles/CBMingFBVV95cUxOeUtXa3lNcXJ4b3Z5MW9BQVBWRzBTVkNGM1ZxZnJfWGxuTmIyaVQ2SmhicXl6bElTcHNzUjl0dnBoWjNyUUh6dWJER2w4R0tOUDQtdG1YQlc5d3JDTEhwQVBqSXVrVTBXVzNIdUZhWm5tTGRUTER2dTUtRHYzX3ZPOXJwbG04M1F4bmxSeXVsMWxmUHROVTgwWXNKYVhRdw?oc=5,storage-specific language; Ireland-sited or Ireland-specific; operational; connected; planning; counting rule present
70,87,Promising,in Ireland,storage-news-4518351661f3,Renewable energy giants open Ireland's first four-hour battery storage system in Offaly - offalyexpress.ie,Watch item,Battery energy storage,,,,,Co. Offaly,,,Renewable energy giants open Ireland's first four-hour battery storage system in Offaly offalyexpress.ie,Do not include in renewable generation totals unless this is explicitly connected renewable generation.,offalyexpress.ie,https://news.google.com/rss/articles/CBMixwFBVV95cUxOc3VkYkM3dFBNNzR5MGNxSDBrdVJBNDk2dFp1SWdHSnA4b29za0tvSWVOWkM1ZktsdmV5UmVGSnlxdjlLWURMWVozVWpPX2cwMFNPZk8wdkc3SHlTZjNlLTZDNy1Xb3lJVG5jNHJPemtNM3VqNUNhY2VFSG9Oam1OcVJaOWtudHJXbEswOGFrdW13NjRpcmw1NkFpVVpCZ0d2cTZjOV9VN0RQdk9nWXh1WVJxTmRtMnVsNkgzS21Vd1BPeTNoWFBB?oc=5,storage-specific language; Ireland-sited or Ireland-specific; operational; connected; planning; counting rule present
71,87,Promising,in Ireland,storage-news-6da3af304ad2,Ireland’s battery moment has finally arrived — but it’s not quite what developers wanted - The Currency,Watch item,Battery energy storage,,,,,Ireland,,,Ireland’s battery moment has finally arrived — but it’s not quite what developers wanted The Currency,Do not include in renewable generation totals unless this is explicitly connected renewable generation.,The Currency,https://news.google.com/rss/articles/CBMic0FVX3lxTFB5d2JoRUh5bWlPallKVGcza04weVo5TW9scHpLbzFNOERwWjRFcVA0U0ZzYjRTQ3hDU0t5dWdmSjJvWXF1WWY0ZjMzbU9WdjgxUENuNmJQblBpMHJ5Q0tmTmhIRHRXYzZrSHlVUHJVXzZqSXM?oc=5,storage-specific language; Ireland-sited or Ireland-specific; operational; connected; planning; counting rule present
72,87,Promising,in Ireland,storage-news-3e65cbe0de8c,Iberdrola commissions its first large-scale BESS project in Ireland - energy-storage.news,Watch item,Battery energy storage,,,,,Ireland,,,Iberdrola commissions its first large-scale BESS project in Ireland energy-storage.news,Do not include in renewable generation totals unless this is explicitly connected renewable generation.,energy-storage.news,https://news.google.com/rss/articles/CBMiogFBVV95cUxPYkpYZDlRN0VpcmZITFE1Mk8xaUt1Um9NMU05eHZDTWxpdTJxOUg2UDNhYnBXRlliMzVFckxlZ0g0OTNjcXlQd0lFbExTZWZSVk03OEQ4eFVpOWdhRk9lLU5rQlBRa0JURGtyWWxvd3N1aXZPOEVMY2pKMnhsZTJPS0xMOU9nUXJzUjk2LVFNRVVxN1J2TF9rQm1KZUE0ZzduR1E?oc=5,storage-specific language; Ireland-sited or Ireland-specific; operational; connected; planning; counting rule present
73,87,Promising,in Ireland,storage-news-c2eb7a2ed47a,Revised battery energy storage plan at Tinnycross - offalyindependent.ie,Watch item,Battery energy storage,,,,,,,,Revised battery energy storage plan at Tinnycross offalyindependent.ie,Do not include in renewable generation totals unless this is explicitly connected renewable generation.,offalyindependent.ie,https://news.google.com/rss/articles/CBMimgFBVV95cUxQWUU0ZXFaa25BWms4VU0yZjVuZ0hkQWVGVHRqcTlIT05oQ2pwNHFvWFJxYjR5a29nb3F4VG1fbGxnSTRZcUJJVEEyNm15bnNSRm10dXJ4QVg4cng3OFl0RWxyejV5bFh4dmRUYWxHUWp6ZU5GX2dQTTk3NW9NZmtWeHIwTk4wSFBFcWhwdFZyeko3TllDV1ltQUh3?oc=5,storage-specific language; Ireland-sited or Ireland-specific; operational; connected; planning; counting rule present
74,87,Promising,in Ireland,storage-news-1d5184e06592,Spotlight on Ireland: Waiting for market maturity - Energy Storage - ess-news.com,Watch item,Storage / grid flexibility,,,,,Ireland,,,Spotlight on Ireland: Waiting for market maturity - Energy Storage ess-news.com,Do not include in renewable generation totals unless this is explicitly connected renewable generation.,ess-news.com,https://news.google.com/rss/articles/CBMijgFBVV95cUxOUG1BcTFVb0lZa0ozcmFfRjFVMUFXczZPLXp6d1Q3cUdLNnlHNUhJU29JNmgxMDdDZHcwYXVwSXhQVXZOTVJjcjFhRGJYNHFRQlNsRXp6ZzhPS2NIQmI5RTAyWk4ySWF1cjJiSmJmUURJWE84Smx0SGhjRm1RZjc1REZJXzdPY0owLWVEYUFB?oc=5,storage-specific language; Ireland-sited or Ireland-specific; operational; connected; planning; counting rule present
75,87,Promising,in Ireland,storage-news-e0a68a40a792,Buncrana's big battery is only the start as Ireland's energy goes green - Donegal Live,Watch item,Battery energy storage,,,,,Co. Donegal,,,Buncrana's big battery is only the start as Ireland's energy goes green Donegal Live,Do not include in renewable generation totals unless this is explicitly connected renewable generation.,Donegal Live,https://news.google.com/rss/articles/CBMixwFBVV95cUxQRExKTmExYzJzaHpSTU9yb0ZhLWFNZHlfd1JETzB1NWEteE9nc18zbElHN3NROHpIQXAtWElsSTRRQjhqNXBicnNxQjFaSENJck5kZWQ4SERmdjlxTVE5cm1haXcxVG9BS2gtR3JERk9DZkRMWGI1UkRBamtLUm5WZmI0SGxRWHpCUzdpb1RKd3FnN1E3NU94MVhGMHNfbXkxR0ItN1lWZDhPcDhETU9meTFSLWx1Rjg1VTQxSWVKQzl1REhmSzBB?oc=5,storage-specific language; Ireland-sited or Ireland-specific; operational; connected; planning; counting rule present
76,87,Promising,in Ireland,storage-news-118d9e3ebaf8,Ireland’s grid-scale solar breaches 1 GW generation mark - pv-magazine.com,Watch item,Storage / grid flexibility,,,,,Ireland,,,Ireland’s grid-scale solar breaches 1 GW generation mark pv-magazine.com,Do not include in renewable generation totals unless this is explicitly connected renewable generation.,pv-magazine.com,https://news.google.com/rss/articles/CBMinAFBVV95cUxNRnNkSzZlQVFvOU8tRm9QS0F6SzE0dUc4dmZEbUJLdXNsVm16Sjc4UzY4V1M4aHViSEgwOS1QZ0F0QUZxUGZDTFR0Q29jM0huNWgzanF4TnZaakRrREhmTm5vbFlBS1VfUk9vOXFpWEtiUHJLV2h3aHRJeXd1a2NvTTNNX0ZwS29KMk5SdGtJcG1YbTV5b0wyb0NzQkk?oc=5,storage-specific language; Ireland-sited or Ireland-specific; operational; connected; planning; counting rule present
77,87,Promising,in Ireland,storage-news-9b3ef128586f,Why Ireland’s 10 GW energy storage pipeline is delayed by revenue uncertainty - ess-news.com,Watch item,Storage / grid flexibility,,,,,Ireland,,,Why Ireland’s 10 GW energy storage pipeline is delayed by revenue uncertainty ess-news.com,Do not include in renewable generation totals unless this is explicitly connected renewable generation.,ess-news.com,https://news.google.com/rss/articles/CBMiogFBVV95cUxNWURzendSX0lfT0JfcXg4TlZfR3pGd1U4TndZZTFpcWVSNjBoQ25scldReTljSWgwOVJLcm5MYmdIWThkZ1d0MUlVS1YtNGM1SUw0RHd4VFB0dl9BOXVyM1N4UGJkUEk4TFVUUHdlTHJTckxzeDRTdHhWVlNhT09GYmthTWkxOHRUWnRSalpLanl3UnlYb1JjNkpiVVN2cWtOZkE?oc=5,storage-specific language; Ireland-sited or Ireland-specific; operational; connected; planning; counting rule present
78,87,Promising,in Ireland,storage-news-2754ac037416,RWE Renewables’ first battery storage project in Europe completed in Ireland - energy-storage.news,Watch item,Battery energy storage,,,,,Ireland,,,RWE Renewables’ first battery storage project in Europe completed in Ireland energy-storage.news,Do not include in renewable generation totals unless this is explicitly connected renewable generation.,energy-storage.news,https://news.google.com/rss/articles/CBMirAFBVV95cUxOYnNwdGFGYmFMaEZiQWRYZVZnX3RzRnNQXzdOT1FtWExrSUszWGhFbzdscXZGWXBYdVpqYkQ4eC1Vc25CNkduQi12NEZSb09pUU1kblRNVkxfU1NrdGxpTGFTbHZzcWN0MGIxc1dxZ3hDSkJaR08taTdoRlBLRkFYQ01LMWJ3WnpYVkZod0c5V3RsSFQ2TmVxZ0d2VU9WWUFyNGNoMVBVdVlWVG14?oc=5,storage-specific language; Ireland-sited or Ireland-specific; operational; connected; planning; counting rule present
79,87,Promising,in Ireland,storage-news-52b0f2be425b,Ireland: ESB Networks says energy storage on grid now exceeds 1GW - energy-storage.news,Watch item,Storage / grid flexibility,,,,,Ireland,,,Ireland: ESB Networks says energy storage on grid now exceeds 1GW energy-storage.news,Do not include in renewable generation totals unless this is explicitly connected renewable generation.,energy-storage.news,https://news.google.com/rss/articles/CBMingFBVV95cUxNQVlVSUJRd29lbVBkVVF1V1c3RWxqSkRTdnIyNWNSU202bUpzMkhYeGZwWERJc1pENTFJbmdYZ3hUUjZpel96WWtZbDU2RFBnRFdTcFg5b0lTZkJwai1SbkNhTVM2LTVPZWd5YWcwZERzRmhudkpnSjVMQTJoUGlncjN3MjIxdjR6SU9tTkFabDRlWHNWRHUydlZnVUVSUQ?oc=5,storage-specific language; Ireland-sited or Ireland-specific; operational; connected; planning; counting rule present
80,87,Promising,in Ireland,storage-news-1caca959ba63,Ireland has more than 2.5GW of grid-scale battery storage in development stages - energy-storage.news,Watch item,Battery energy storage,,,,,Ireland,,,Ireland has more than 2.5GW of grid-scale battery storage in development stages energy-storage.news,Do not include in renewable generation totals unless this is explicitly connected renewable generation.,energy-storage.news,https://news.google.com/rss/articles/CBMisgFBVV95cUxONUNkQ1lsV3U2aUFINGpnMTh0T2NQQjEyZlJQa1AwMWw0R0JIWHdNd3NDX2RzMHpzWnRWNGRGSVQ3azBIdE5EeGFQalFuYVNqS2tpWFhlR0FTOW1Udl9mRnFNVFlGakJZeG13ZEl4SDRWQUpoSWFZa1hDNmRoVERCMXFTYlpaQ0JBZHZXdzJtVlFvYnYyS1RsdzVHNWpsUkVLWHBPUDdlVy1yQ2VGNVBPRkVR?oc=5,storage-specific language; Ireland-sited or Ireland-specific; operational; connected; planning; counting rule present
81,87,Promising,in Ireland,storage-news-45a4a7226592,Ireland achieved 1GW grid-scale solar milestone in April - Solar Power Portal,Watch item,Storage / grid flexibility,,,,,Ireland,,,Ireland achieved 1GW grid-scale solar milestone in April Solar Power Portal,Do not include in renewable generation totals unless this is explicitly connected renewable generation.,Solar Power Portal,https://news.google.com/rss/articles/CBMisAFBVV95cUxQMU5iTWFUZURfQk94Q3Z4bVIycXFIeDV6bF95S1pDNzQ3aEs5S2RHS3FoQW94NmljdmpEc3gtaThoVFU4blYwYzFHemREYW1yZ0NLbzgyRlJCQWp0RWNORm9ENHQ4VURIRS11NXBuTGdUVFpiRk1WR2xuaC1VSC1xRlZsRnZ3eEdvUXFLRXlxVF9Kb2lVclJ2eVUwNXlUV2xYT1BrSDdwaFRTSUd6RV9mTg?oc=5,storage-specific language; Ireland-sited or Ireland-specific; operational; connected; planning; counting rule present
82,87,Promising,in Ireland,storage-news-e80e56389e7f,ESB battery storage plant goes live in Cork - RTE.ie,Watch item,Battery energy storage,,,,,Co. Cork,,,ESB battery storage plant goes live in Cork RTE.ie,Do not include in renewable generation totals unless this is explicitly connected renewable generation.,RTE.ie,https://news.google.com/rss/articles/CBMimwFBVV95cUxQT2swWFhQN3Z1bVRkcjJKQjhrWG1QeXY5UVlLWkt2VllHZnJHdGFyNUlKSjlUbnFBN09mcGR6NnlZSElMa0dYQmRCVWlKZFZBdTlnbXE2N2dSVTY2TE5JbGFPak5HbTZnRHZGUkpKWE50bnItaUVlMVQycV9WUTFOUW5pa0J3VXgxOF8zWGJVN3FqNEFtWTJaN1RoTQ?oc=5,storage-specific language; Ireland-sited or Ireland-specific; operational; connected; planning; counting rule present
83,87,Promising,in Ireland,storage-news-e7f6d9a146a1,Triple Point and Noriker Power to accelerate UK and Ireland battery storage development - Energy Global,Watch item,Battery energy storage,,,,,Ireland,,,Triple Point and Noriker Power to accelerate UK and Ireland battery storage development Energy Global,Do not include in renewable generation totals unless this is explicitly connected renewable generation.,Energy Global,https://news.google.com/rss/articles/CBMi2AFBVV95cUxQek5hZU1XTHFIY0VIWmtVUDhtZkF3RnJ5X1FQcUZpS3B3N1JHQ0E0LS1BSW12MEZvdGN1RDd1WTVlOXJXWTNRSmZxYXR6R04zREFxWkdWU1hZUmVWU3I5OUxUS09Fc1VXLXVwaVAyR0RSNi1ybEcwMzhZZVdod0tZck1fejQzR2RlNlRUT01yQzRtWlNQc2ZEMWdhYUZMT2FLTmJMSkNBTVZ0Zi1QY2NpVU80QkFBVHlXc3FVVEk2LVdtWWczSUppMjczV05zd1JlWVlKMEQ3S0I?oc=5,storage-specific language; Ireland-sited or Ireland-specific; operational; connected; planning; counting rule present
84,87,Promising,in Ireland,storage-news-b15ad7ebbfd0,‘First’ synchronous condenser-BESS hybrid project to be deployed in Ireland - Solar Power Portal,Watch item,Battery energy storage,,,,,Ireland,,,‘First’ synchronous condenser-BESS hybrid project to be deployed in Ireland Solar Power Portal,Do not include in renewable generation totals unless this is explicitly connected renewable generation.,Solar Power Portal,https://news.google.com/rss/articles/CBMiwwFBVV95cUxQRWJFWmx4UE9qb1RGZGRyeTFQTFA5MDZLbHEyMWg5bWJpLUtKQ3J6LTBpV1dET2ZzSEIwenAzcEpyYWNJdXF0MU9qY0hSSHVqN3JZQ1JPb3owSGdiLVpyR1VVN09fNlE3WExMTjVkbThlS2pQcWcyMmQwUC1IZDEzOWcwTWtGNHRiSWJ5aWJ0T2pFb3ZNRFY1U3lRSnNmbklZWkdGUWg2MHRqVnMzVFBEbHB5cURmOTZ1Qkx2cmdQRkxEcGM?oc=5,storage-specific language; Ireland-sited or Ireland-specific; operational; connected; planning; counting rule present
85,87,Promising,in Ireland,storage-news-ccce67f1e280,Two become one: Siemens Energy combines two technologies to stabilize the Irish grid - siemens-energy.com,Watch item,Storage / grid flexibility,,,,,Ireland,,,Two become one: Siemens Energy combines two technologies to stabilize the Irish grid siemens-energy.com,Do not include in renewable generation totals unless this is explicitly connected renewable generation.,siemens-energy.com,https://news.google.com/rss/articles/CBMiyAFBVV95cUxOQmtJZl9jd0xzTk9fLXVfODNCdk81aEswTFBfNFM5RE9FNjdLM1ZGQ0t6dng1eVc5ZEF5ekxXS29sZEg4UjRtVlV0OS1rSXVlYmpwQXFBZ1VPblFSWDJfVTl1eE9KUjFMelV2WUhPQ1hERkhoUWV0TVZVZVN2NUxTSXYtU3F1ZUVKbVNUN2FHOTY2QWRLVF8wSktFSHQyZG9EbURveVFhUnRXcGQ4N0xXYjd0SXBGXzJMSGtvUHV2UzYzWFl1UGJ6OQ?oc=5,storage-specific language; Ireland-sited or Ireland-specific; operational; connected; planning; counting rule present
86,87,Promising,in Ireland,storage-news-429ef370cf4b,"GridBeyond Storage funds behind-the-meter BESS across UK, Ireland - ess-news.com",Watch item,Battery energy storage,,,,,Ireland,,,"GridBeyond Storage funds behind-the-meter BESS across UK, Ireland ess-news.com",Do not include in renewable generation totals unless this is explicitly connected renewable generation.,ess-news.com,https://news.google.com/rss/articles/CBMiowFBVV95cUxQN08zdGVtXzBfVVduZzBQY1AtSE5DN0h2WU9VWHNGZmVvMjBBdGI5Q29qYWo0WGNISlZXcW5QZG8tTWdFb1ppalNnVVJEMjU1WFRjTDI1MkcwV3dZZUFPMGJrRHBGckhSbUUxNEZud3NZSFJsYlZuYnpJNklFc211dENXMC0yTVEtYkZiZWp1WGc1cmdhckN6cXFDVWNFbjh3dWpF?oc=5,storage-specific language; Ireland-sited or Ireland-specific; operational; connected; planning; counting rule present
87,87,Promising,in Ireland,storage-news-eb12b6d7bfb7,"Microsoft, GE extend partnership with wind turbine-plus-storage project in Ireland - energy-storage.news",Watch item,Storage / grid flexibility,,,,,Ireland,,,"Microsoft, GE extend partnership with wind turbine-plus-storage project in Ireland energy-storage.news",Do not include in renewable generation totals unless this is explicitly connected renewable generation.,energy-storage.news,https://news.google.com/rss/articles/CBMitAFBVV95cUxNaVFadTdtaHJfSzNUX2I1MVk3b0MybkozSkZIYmI3aHVTSjhFbUhCVXllOXpJMjZ4YWM3LXl5VGY3dkJ4b2d5Z1VLWUV6UGtmMWdibGhzcWhkMkRIbGFCMWpCSktwQS1Ycy1jaWdPOWhBMmdYcHV5bENXcUd2QS1NaVNQY2VfeU9vMDlVTmpRZ1E5cm83M2pEYU9HVlpjb0Q1bHZPZi1pYnNQMFNEdjNlUlFzamI?oc=5,storage-specific language; Ireland-sited or Ireland-specific; operational; connected; planning; counting rule present
88,87,Promising,in Ireland,storage-news-b96e70e3433a,"Germany, UK, Ireland, Poland offer best renewables + BESS colocation potential - ess-news.com",Watch item,Battery energy storage,,,,,Ireland,,,"Germany, UK, Ireland, Poland offer best renewables + BESS colocation potential ess-news.com",Do not include in renewable generation totals unless this is explicitly connected renewable generation.,ess-news.com,https://news.google.com/rss/articles/CBMirgFBVV95cUxPSXQ5RFFKMGhwM2ZjaVlhdlVSbUhPclpNSUE1MDJRVHRNbldGMFlXWV8zcm85YkdNUlA4S3E4UjZBWHUyWVpLcXJZNDgzbUc2bTFrVGx1U3doQ2dzdDV5SjJuOFZ4dmw5OUJ5OHd2c0M4RFlabU9sYVo2QVVlZC1BcE5tQWw0NUJBWVllYUtQc0FucTJkRm5haVFIQUV3R04wOEhveUxEVzJWQXFaeEE?oc=5,storage-specific language; Ireland-sited or Ireland-specific; operational; connected; planning; counting rule present
89,87,Promising,in Ireland,storage-news-8672cd64888b,DCU Researchers Show Hydrogen Storage in Salt Caverns Could Transform Ireland's Renewable Energy Future - Dublin City University | DCU,Watch item,LDES / green hydrogen storage,,,,,Co. Dublin,,,DCU Researchers Show Hydrogen Storage in Salt Caverns Could Transform Ireland's Renewable Energy Future Dublin City University | DCU,Do not include in renewable generation totals unless this is explicitly connected renewable generation.,Dublin City University | DCU,https://news.google.com/rss/articles/CBMisAFBVV95cUxOa3kxYkNUa29GMy1xekZDcW11cGtmblNfRFQxTk5oTWJURy1iSFh4Rk82c09xX21HRGl3TXRGamxXU1l3RDNocHptMFlDVGp2UFJiTFpSUi1NcGZqRGdHMXpDaXhEdXZBY3hxSk5fdHF1cTZsazA5THJNWHQ1UjJEODA2UEtDdGxQZHFOenZqRUF3ek1KamQ4bkhfcG1kUFR0VTQ2aDBIeGhYSTQ4OGR4UA?oc=5,storage-specific language; Ireland-sited or Ireland-specific; operational; connected; planning; counting rule present
90,87,Promising,in Ireland,storage-news-02791d55ff4c,Irish firm NZE proposes 600-MW hydrogen-based storage project - renewablesnow.com,Watch item,LDES / green hydrogen storage,,,,,Ireland,,,Irish firm NZE proposes 600-MW hydrogen-based storage project renewablesnow.com,Do not include in renewable generation totals unless this is explicitly connected renewable generation.,renewablesnow.com,https://news.google.com/rss/articles/CBMiowFBVV95cUxNcUVNQlJ0MzA2bWNQcG9qekk3OThYQjBURGlnallLbVZibVk0b3ZWc0h2MmRrMThFRHpteDFzNjhSWDF0MnBLREl3WTY3U19Wd05DdFl3Q18xSGw3WG9obU5NSWhvNEdycjdmdXdTU2twUms3ZGFYb1V2RkNia19yTVpmNTJ5aFAyaWdrNFZEQWU3MjRaX3Rmd3JZcW52QjFtVXk4?oc=5,storage-specific language; Ireland-sited or Ireland-specific; operational; connected; planning; counting rule present
91,87,Promising,in Ireland,storage-news-10ec84e94544,Major Green Hydrogen Plant Revealed for West of Ireland - Industrial Info Resources,Watch item,LDES / green hydrogen storage,,,,,Ireland,,,Major Green Hydrogen Plant Revealed for West of Ireland Industrial Info Resources,Do not include in renewable generation totals unless this is explicitly connected renewable generation.,Industrial Info Resources,https://news.google.com/rss/articles/CBMixAFBVV95cUxNeGtXN1FaNzhMUml6M2xiWnZsWjJSOV9idmxnbjZBc3NOMkJjUWZyc053Zm93RURoc0pBQlVlcFlZalNtWVZEQjJpZTRwSzJRWGJ3M1lqdHlrZ2ctZGE2LWFUVGxhNmhGbGwtZGxjVkdoQ3JYN2k1M3ZqSEZIMml5R3BuNU1xNEtRcmpjdlM3cHlSMVpuMFRiN2MyZ3h4UGxnd2R1bGhQT2ROZVV1WDI2ejM4VjNqVGY4WUZwUm9Cd2RTVkNH?oc=5,storage-specific language; Ireland-sited or Ireland-specific; operational; connected; planning; counting rule present
92,87,Promising,in Ireland,storage-news-228f37e85b9b,ESB makes big plans for offshore green hydrogen storage in Ireland - siliconrepublic.com,Watch item,LDES / green hydrogen storage,,,,,Ireland,,,ESB makes big plans for offshore green hydrogen storage in Ireland siliconrepublic.com,Do not include in renewable generation totals unless this is explicitly connected renewable generation.,siliconrepublic.com,https://news.google.com/rss/articles/CBMipAFBVV95cUxOSmdVdDBNZVY4cHJqZm9BckQ2bWctQk1HenZLMU1TVWNCNjFmdzBGWWhEaV91MzVVX2pVaFExeVplUXloOFcweGdycTd4UHR4aVZzaVBoZlBSNDBoX0tFWEZxWnJsanJfdzlzRW8xOW5ORHd3SkF4el9iN010S25sWFh4TlBrRFlGS1pUOGstWFdjYThUc1RUNFJKT1cxVkhTMWI5ag?oc=5,storage-specific language; Ireland-sited or Ireland-specific; operational; connected; planning; counting rule present
93,87,Promising,in Ireland,storage-news-0692f53d9d09,ESB and dCarbonX to work on green hydrogen storage in Ireland - Offshore-Energy.biz,Watch item,LDES / green hydrogen storage,,,,,Ireland,,,ESB and dCarbonX to work on green hydrogen storage in Ireland Offshore-Energy.biz,Do not include in renewable generation totals unless this is explicitly connected renewable generation.,Offshore-Energy.biz,https://news.google.com/rss/articles/CBMimgFBVV95cUxOTVl4X1FkNGFoU0RoZFdlVlBKNnp0bVRGM2RVMTdnZWdmeGFwQ0VVRlc1UUJvcDlJVG9sc1ZHYndqa3J0bF9MQVd5T3RSdG5teDhUX29mMWQwX2RPVVhsYV9oMGp6Mm12SEZyYjEtZFlnZFA2b2F1T1c4QTF5YjFwdTI1U1pHOXZpalBDSzQ2Ul9yWGlOMnBqTEdR?oc=5,storage-specific language; Ireland-sited or Ireland-specific; operational; connected; planning; counting rule present
94,87,Promising,in Ireland,storage-news-a94ec2529126,Green hydrogen offers a clean energy choice for low-carbon manufacturing - Irish Examiner,Watch item,LDES / green hydrogen storage,,,,,Ireland,,,Green hydrogen offers a clean energy choice for low-carbon manufacturing Irish Examiner,Do not include in renewable generation totals unless this is explicitly connected renewable generation.,Irish Examiner,https://news.google.com/rss/articles/CBMickFVX3lxTFB1Y1VVaEFxai1UTC05UnBTWW90NldBUm4taExjMzNzbC1Db1g1NjhZWXJBRzJlb2VtTXJreVFzbU9rTEpqTW9nbXdCdFRqZDljd0xGZ2RUWDk0Nko0dkxMRTU3dFpGb3NIalZUSTQzUmtXdw?oc=5,storage-specific language; Ireland-sited or Ireland-specific; operational; connected; planning; counting rule present
95,87,Promising,in Ireland,storage-news-e3046ef2e5b5,Ireland to work with Germany on green hydrogen - euractiv.com,Watch item,LDES / green hydrogen storage,,,,,Ireland,,,Ireland to work with Germany on green hydrogen euractiv.com,Do not include in renewable generation totals unless this is explicitly connected renewable generation.,euractiv.com,https://news.google.com/rss/articles/CBMigwFBVV95cUxPdVFtWWktNEVHaGxSbU1DQVZ5QjQ5TVRxbTFOS1JWckwyMGttNzBMSHhydVJsWWYzN0RVT0VweUVmeXJqcE5yOHRKWnhyVXdMQkxqRTAtQ1VpUjJxTlR2UTllQUZER2xHcGJyNnpnTVk1aXJPZHdPM0tweGNCZ3dOMjNFTQ?oc=5,storage-specific language; Ireland-sited or Ireland-specific; operational; connected; planning; counting rule present
96,87,Promising,in Ireland,storage-news-3c40ecb62ca5,Why pumped hydroelectric energy storage is a perfect fit for Ireland’s path to zero emissions electricity generation - Engineers Ireland,Watch item,Pumped hydro storage,,,,,Ireland,,,Why pumped hydroelectric energy storage is a perfect fit for Ireland’s path to zero emissions electricity generation Engineers Ireland,Do not include in renewable generation totals unless this is explicitly connected renewable generation.,Engineers Ireland,https://news.google.com/rss/articles/CBMihwJBVV95cUxPWFdlVXhSa2ZpcFNYWEJPSzBfUmVKdGlEVlRvMUh1WGIxTnZET0VWdURYRnc4aWtfcjZCSFRNclJ1VHBlZER2dzBpQmRsblE0YWRyY091V3RVeGZmSlZFeEtNdUFvdlZmTGtrNmlqLVNPZ1c5TXRuR21IbGxfTS1feFJZZEwwb25QTElzeXJtUGlOSG8xanBoUVpKS2xSNXpJeU1RcXphRzA3cVJoWHpURnpmeTBYQjh0cWtlbExqMWtEMDhRWHpoRktxUnJwN01aUXJRMm4wMmtDbFdudzNzSnRVc252aWdMWHpMVEM0X3p5cXFwZ1dDS0UxZ0FnQVZYVXhMRFZmTQ?oc=5,storage-specific language; Ireland-sited or Ireland-specific; operational; connected; planning; counting rule present
97,87,Promising,in Ireland,storage-news-dacd492d823a,ESB plans green hydrogen storage project off Cork coast - siliconrepublic.com,Watch item,LDES / green hydrogen storage,,,,,Co. Cork,,,ESB plans green hydrogen storage project off Cork coast siliconrepublic.com,Do not include in renewable generation totals unless this is explicitly connected renewable generation.,siliconrepublic.com,https://news.google.com/rss/articles/CBMikwFBVV95cUxPcDEtaHdHMDhpUm5ORjZldHZRRmVfUTVMTDZVOGJ4RmNvYzgtaEdST3NnTVlaazhCYnRaMHlDYXZScTlHR0NuQWhzQjVDTDdaTnNSaVVnU0U3ZEhhNlJKZUpRakFnaVNRMnVGTXZOSmxmLVNvMXd4REdxNS1vbnFzWHNNbHBHZ0JpZkU0bzF6MTBpVzQ?oc=5,storage-specific language; Ireland-sited or Ireland-specific; operational; connected; planning; counting rule present
98,87,Promising,in Ireland,storage-news-b0d909a9b952,Dr James Carton features on the Irish Examiner discussing green hydrogen's significance - Dublin City University | DCU,Watch item,LDES / green hydrogen storage,,,,,Co. Dublin,,,Dr James Carton features on the Irish Examiner discussing green hydrogen's significance Dublin City University | DCU,Do not include in renewable generation totals unless this is explicitly connected renewable generation.,Dublin City University | DCU,https://news.google.com/rss/articles/CBMisAFBVV95cUxPSnhLdFNacVZiMk5NSVVDUXViUmVNSjhsbm40LWxDVW5HdkpoUnk2R2ZMYU15dXhjMjF0MTJuVVJGdm5XMUU5TlVHZWY0RkxmVl93RlJhWTE0VXhQMW00MERLQy1rZE9WSW9hbl9pTnliZTBMaGRuMHdLWHFOT3FJdEsxbVRCVHJ1cGJRMkhiQzJaY2J3clROZ0Ftb3NaT3YzUW5aZ1kwbDd0S25VVFlHRw?oc=5,storage-specific language; Ireland-sited or Ireland-specific; operational; connected; planning; counting rule present
99,87,Promising,in Ireland,storage-news-7e5f2119e241,Bord Gáis Energy joins ESB and dCarbonX on green hydrogen storage project - Offshore-Energy.biz,Watch item,LDES / green hydrogen storage,,,,,,,,Bord Gáis Energy joins ESB and dCarbonX on green hydrogen storage project Offshore-Energy.biz,Do not include in renewable generation totals unless this is explicitly connected renewable generation.,Offshore-Energy.biz,https://news.google.com/rss/articles/CBMiqgFBVV95cUxQWUNBY1Y2b1lscmNUN0V3ZlVxdGYxbzBhUUVYUzI5bFVBNEQ5OFJtM3BNeHhnYmxRcC1PeWVWTlZMSVhobVpnQ1JfVjBhNWgwa1BoZjZKWXpwb2s2WVZVcXBoY19OQ3dxcTU4Wk4zY2xSaXZ4bG5TSDVoNllTR05nQTZNYlNWYXJfUC1ENEtkUUV0LWRtSHBjYVA2YUo5Y1ZuYi11UDJ2Z1hwUQ?oc=5,storage-specific language; Ireland-sited or Ireland-specific; operational; connected; planning; counting rule present
100,87,Promising,in Ireland,storage-news-963bf29cf517,‘Don’t be offering us money. We’re not for sale’ – Local communities spurn €12m fund offer from hydrogen storage project promoters - Irish Independent,Watch item,LDES / green hydrogen storage,,,,,Ireland,,,‘Don’t be offering us money. We’re not for sale’ – Local communities spurn €12m fund offer from hydrogen storage project promoters Irish Independent,Do not include in renewable generation totals unless this is explicitly connected renewable generation.,Irish Independent,https://news.google.com/rss/articles/CBMimwJBVV95cUxOQ21KOGItNVFuYkpUT2VzOHRiMHJCdHdpbWVwNVMwUTA4SktkWW5RbmtLQnFGM2tpT0hfSXlXUjh5d3NOTGNTRXpObnY1eS1wc2NpelVmOWxEQU1mLWszVDJFUGUwZjRkZ2k2SlpVcmxPMHZ4VWZrX2lOZElNbzlBQWFtMnBLQmExSDlDT3llSmMtQl9ZZ1dKdGxLVm5Yamo0a3JPMU9uck1CcktTTDdrRTVLNVh1ckxpMlpPOHBnc3pFdVJDZW5IcV9mbmV6ZU4wTGVyaFJLXzdCbmNuSTFueUxaOFJiX1JtejNnNlBEMExXRVJBYXJScGFDUTNqbS1HVDRmYnhrV2RkSTJqMkI5V0s0a0hjaEpxZEZz?oc=5,storage-specific language; Ireland-sited or Ireland-specific; operational; connected; planning; counting rule present
101,87,Promising,in Ireland,storage-news-9ed466b552bb,Ireland and Germany Investigate Cross-Border Hydrogen Energy Agreement - afloat.ie,Watch item,LDES / green hydrogen storage,,,,,Ireland,,,Ireland and Germany Investigate Cross-Border Hydrogen Energy Agreement afloat.ie,Do not include in renewable generation totals unless this is explicitly connected renewable generation.,afloat.ie,https://news.google.com/rss/articles/CBMi0wFBVV95cUxPV0xnVkI0NE9BWU85QmtjcHNTM1Y4N1BBMDNUc3VvdFlMTjlRbG9mVXVJTXBnYkR1TV81a3RvWTI5UmhYd0l0UkRMOE5DbENMT1RTYWxDdlpNQktzSllidUNsYWZUYnZERzJRWk1NUlAtREVZWXBSZkNlZGRxZWNSS3FmRnRsRV93Mk1PdHpCMkRpcm9UUjR2TUN3WFliZmxHSGFtZnFqZ0FWSHo1ZVItYlB6T09qMjdwQzhyMEZ5anM1M0xXVUlwOExyZDNzck5tdlZJ?oc=5,storage-specific language; Ireland-sited or Ireland-specific; operational; connected; planning; counting rule present
102,87,Promising,in Ireland,storage-news-52a3bf7ab3e9,Storage will be key to Ireland's energy security and transition - RTE.ie,Watch item,Storage / grid flexibility,,,,,Ireland,,,Storage will be key to Ireland's energy security and transition RTE.ie,Do not include in renewable generation totals unless this is explicitly connected renewable generation.,RTE.ie,https://news.google.com/rss/articles/CBMipwFBVV95cUxNV1cxc2JTZnZQbjZGSTFyaXlpYTVwMnJhUU83a3dFNExOQXhOZXU4ZGJXMGdwZHlQbklZTzlka2x0SUVvWE12RS1jVWxwaUFGeFA0c2VlMWJfU19TbnFPZmluUVBhRk85eWNCNHZWTDVzVEFOa1NFV1B0RVhvUENNc3JYTjJtekJEcENKQUd1dnpJR1VyQXo4XzNHMXRydkN4MHd3Mmpsbw?oc=5,storage-specific language; Ireland-sited or Ireland-specific; operational; connected; planning; counting rule present
103,87,Promising,in Ireland,storage-news-488deade9b76,ESB and dCarbonX unveil green hydrogen storage project off Ireland - splash247.com,Watch item,LDES / green hydrogen storage,,,,,Ireland,,,ESB and dCarbonX unveil green hydrogen storage project off Ireland splash247.com,Do not include in renewable generation totals unless this is explicitly connected renewable generation.,splash247.com,https://news.google.com/rss/articles/CBMikwFBVV95cUxOc0p4MXA0dDlrQ0NTSGR5ZDdWanNUdDBvVEZ0WHRZQkwzeUo2TUMtME1FVDk4dVdCXzNxWTlBcDdYWUU4ams2clRwRW5VM0ZWdU9RZm5melpSdmJsRDI5enM3bWM4QXhkc1VLT19pLXZVUHVXTEJYX0xTQV9YNmN4b2V3aWduaXk0VGYxN3V3RDcwclE?oc=5,storage-specific language; Ireland-sited or Ireland-specific; operational; connected; planning; counting rule present
104,87,Promising,in Ireland,storage-news-d770d0a9cc4d,Why is Equinix Exploring Hydrogen at its Dublin Data Centre? - Data Centre Magazine,Watch item,LDES / green hydrogen storage,,,,,Co. Dublin,,,Why is Equinix Exploring Hydrogen at its Dublin Data Centre? Data Centre Magazine,Do not include in renewable generation totals unless this is explicitly connected renewable generation.,Data Centre Magazine,https://news.google.com/rss/articles/CBMimwFBVV95cUxOTHNkRU00aTVHbXg1RU1wQXpublQxb0RmY1FTa0VaS0dQVHFMWFVGb0ZIUE5rNmtvZmMzaXI3eDFnVFJ3Zm1VWTI5SDJZNkcyS1otTEp3VWNLRWozNnhFR1d4aC1fMzdyNzNNeDFQejlpTjVYQUI3RmRqeUM2R3ROak1lSVFwMUdiUG5PNGZQN2tzU2RQbFg3bmkwaw?oc=5,storage-specific language; Ireland-sited or Ireland-specific; operational; connected; planning; counting rule present
105,87,Promising,in Ireland,storage-news-84c796dc2a48,Contracts for electricity interconnector to be signed shortly in significant step for project - Irish Examiner,Watch item,Grid flexibility / interconnector,,,,,Ireland,,,Contracts for electricity interconnector to be signed shortly in significant step for project Irish Examiner,Do not include in renewable generation totals unless this is explicitly connected renewable generation.,Irish Examiner,https://news.google.com/rss/articles/CBMibkFVX3lxTE9iWHdEbXRweE9hazlJejduaWxqRktRZnZZRWQ2cy04ZHdUX1RvQWw4RzRlNjBzQml1UEkydk5VN2I4bGgxZm01Z2JXanl3UklxSzgwdE41R2hOY014OUg3QXUtNkZqd1dqWWNlQ2ln?oc=5,storage-specific language; Ireland-sited or Ireland-specific; operational; connected; planning; counting rule present
106,87,Promising,in Ireland,storage-news-4c33d8c6fc08,Northern Ireland can be a global leader in hydrogen energy – Dodds - economy-ni.gov.uk,Watch item,LDES / green hydrogen storage,,,,,Ireland,,,Northern Ireland can be a global leader in hydrogen energy – Dodds economy-ni.gov.uk,Do not include in renewable generation totals unless this is explicitly connected renewable generation.,economy-ni.gov.uk,https://news.google.com/rss/articles/CBMimgFBVV95cUxPNXhkN1ZyNE5hT0ZnYzJXdnBlbWI0c2RVclN4WHkxZFN6MTVibmdEQmE1OC1vWktadTM2UTNaRkd6NnNnSGY2ZE54Qnp2VHZRd0Nxbmk3NkJuWW5rblFJQUN5ek9UVHRGeVNla3dvRkdUNFZWT3cxOEhRNm9iSXVtQm5KWkplMTVINkpvUVZzY0dhUjl3Qk5seHNB?oc=5,storage-specific language; Ireland-sited or Ireland-specific; operational; connected; planning; counting rule present
107,87,Promising,in Ireland,storage-news-b955621fc90b,UK-Ireland unveil ‘landmark’ renewable energy agreement - Solar Power Portal,Watch item,Storage / grid flexibility,,,,,Ireland,,,UK-Ireland unveil ‘landmark’ renewable energy agreement Solar Power Portal,Do not include in renewable generation totals unless this is explicitly connected renewable generation.,Solar Power Portal,https://news.google.com/rss/articles/CBMipAFBVV95cUxPbU5OM1B0T2tFbV9VeUE5RWd0QzdzQnJQcHp4aWtZRTdVUDI4Tjh6UWFNaWdHS1ljSkVFaWxKZE9MN244SjQ0OG1LakVEZmZFdmlzNVVUc2VEVlMxeERBc2gtNGxjRGc3aFZfUGVyUDEtVkp0a1k0YWZxV3hCSjlUQWdlUnk3QlRQU0dNTGNuLXBfeGNXb281UkswUHhxTDlDaFpCYw?oc=5,storage-specific language; Ireland-sited or Ireland-specific; operational; connected; planning; counting rule present
108,87,Promising,in Ireland,storage-news-20fa0ec1922a,Renewables generate 47% of Northern Ireland’s annual electricity - Solar Power Portal,Watch item,Storage / grid flexibility,,,,,Ireland,,,Renewables generate 47% of Northern Ireland’s annual electricity Solar Power Portal,Do not include in renewable generation totals unless this is explicitly connected renewable generation.,Solar Power Portal,https://news.google.com/rss/articles/CBMiswFBVV95cUxPX3hJUVhHQWYteXpZRWNhVmlKQzRheXlka2V2VzVLSFRyTEIxdGk5YzVZVFpTZ1RCWVp3Vk5JYkRES3MxWGxHY20yNGVtUzlxcFVtQXphSzRLZDY5cElMVTBrWVFISXM4VlNpUzM3OUROY0VoY192RGZiNnpTdjFNcVR2YXRWdmthdW41bHRXWFVnVjZfOVRBU1BFM0YwaVFzTGlSWW5icGxOOURfX2Z2VzNaSQ?oc=5,storage-specific language; Ireland-sited or Ireland-specific; operational; connected; planning; counting rule present
109,87,Promising,in Ireland,storage-news-669f1f0e64b5,Microsoft Partners with ESB on Green Hydrogen Pilot Project - fuelcellsworks.com,Watch item,LDES / green hydrogen storage,,,,,,,,Microsoft Partners with ESB on Green Hydrogen Pilot Project fuelcellsworks.com,Do not include in renewable generation totals unless this is explicitly connected renewable generation.,fuelcellsworks.com,https://news.google.com/rss/articles/CBMi3wFBVV95cUxNS2VPTW1hMXdsZjBRSmxPbTZIbmxScFNQNXBUOXRNNlV0dkh4NVBiNVNCQ2VfOXB2bGN6LVZJZUFidjJWUmpuYnB4ZWZibUNpcXprZVlXMU9kUzB3V0JXcXM0SWdkaEZFSnBMQ0VheFNMNlNkNHg4RzY2WlAzTVFMU1NXM0VKVVhWQUxQMHdGd2VIc0J4bUNHVlNfVFdNZElMbVZWaGxyTm5PZ2d4QzBFd3EzTTNYWGFhNTlHYnc2MVA4dGJtajlqYTNLSlBGR3RrRVA2aFJQbmFXcGtSRGRB?oc=5,storage-specific language; Ireland-sited or Ireland-specific; operational; connected; planning; counting rule present
110,87,Promising,in Ireland,storage-news-fc7dda9b1645,Study finds salt cavern hydrogen storage feasible in Northern Ireland - Power Technology,Watch item,LDES / green hydrogen storage,,,,,Ireland,,,Study finds salt cavern hydrogen storage feasible in Northern Ireland Power Technology,Do not include in renewable generation totals unless this is explicitly connected renewable generation.,Power Technology,https://news.google.com/rss/articles/CBMinAFBVV95cUxOYUYzemNEZVVpcHJ3MURZRUQtbFdyWWlUbnRtZG5JRG90NDhiNW8xSnhPaE5qMFp4ajV3b3ZVcmwxaUNGaF9TbWRuZVV2ZTBrODZPVmZOOFZidUdsUnJQY0NOdlFyVEJiYjhtc2V3b04tVVdYV2tPNWZpMXN5NGRaU2h0R2gwQTFDMEJqTjgzZnJtOFQ3LU9ib3pULUI?oc=5,storage-specific language; Ireland-sited or Ireland-specific; operational; connected; planning; counting rule present
111,87,Promising,in Ireland,storage-news-80cbc7c5164c,ESB and dCarbonX Extend Subsurface Hydrogen Storage Collaboration Across the UK - fuelcellsworks.com,Watch item,LDES / green hydrogen storage,,,,,,,,ESB and dCarbonX Extend Subsurface Hydrogen Storage Collaboration Across the UK fuelcellsworks.com,Do not include in renewable generation totals unless this is explicitly connected renewable generation.,fuelcellsworks.com,https://news.google.com/rss/articles/CBMisAFBVV95cUxQS3h1WG9Sa3l3aHoxdl9YMDhSZ3F5SkZXM1RmOEtEQWdWVllTUVlHaXlIS2dzME9MQ2ZKUWZ1ei1XWElBYzQzdk5YQm1BVEF2WDUyZkwtcHFWRDF1alhqMmNrejhGb3UzbTJJNXF2eWZHV09POS1JOUZUakJhMDJHNkt1UFAwLTR0LXpzb0NSN0tMY2VjLXJxby00WUE4VkRibjJDUG1UZkFPT0JuYU1peA?oc=5,storage-specific language; Ireland-sited or Ireland-specific; operational; connected; planning; counting rule present
112,87,Promising,in Ireland,storage-news-e4531775ee19,Revealed: The use of liquid air for grid-scale energy storage - Engineers Ireland,Watch item,Storage / grid flexibility,,,,,Ireland,,,Revealed: The use of liquid air for grid-scale energy storage Engineers Ireland,Do not include in renewable generation totals unless this is explicitly connected renewable generation.,Engineers Ireland,https://news.google.com/rss/articles/CBMiuwFBVV95cUxPNXpPLWxrOFVaaE5qVWVaeS0yM2VoYlpHUzl0WkF5MWpNejJPcDhHM2dvVkF5N1lQZU1oVnlaZEt6WHEzY1UxWlkyQ1RyNE1oSmxnekZHY1BQaEwwenBzaTYxN0pWeEE4NXdoT092LWg5NzI0X0hGbG9kYTc4MUlNdkV1VUl4c0twSjFFQWtJbDRHUENHYjVqWlhkZlFtbktXdjdHNlZtUTZRU0xfendES04xSE1XWmJ5MWo4?oc=5,storage-specific language; Ireland-sited or Ireland-specific; operational; connected; planning; counting rule present
113,87,Promising,in Ireland,storage-news-15c3b48e756b,"Drax pulls Cruachan II pumped hydro project from UK LDES cap and floor, cites rising costs - energy-storage.news",Watch item,Pumped hydro storage,,,,,,,,"Drax pulls Cruachan II pumped hydro project from UK LDES cap and floor, cites rising costs energy-storage.news",Do not include in renewable generation totals unless this is explicitly connected renewable generation.,energy-storage.news,https://news.google.com/rss/articles/CBMivwFBVV95cUxQN2xzSFVYaWFKTkpDY3ByRW9BQ2hKUnhHYTA0ejlVRnV2VDZZR0Q2Y2hpNlVmY2JDcC1vOEJVQ0dIdUtsbDBYbUNSNHRQNWxOdFJLbHdsS3U2SHo0MUN5Mk1IQzJLN0U3elozWTY1QWRuWFF2Z0dwZkdscE5JV2RFdTVzYUo5eXYxTkF5NmZVT3hDOGNTTS0zcGlpV09HLVpjUE1NSXZKalM3ZDREYWpSbk9GSjFMRDRyU3NQOXNlZw?oc=5,storage-specific language; Ireland-sited or Ireland-specific; operational; connected; planning; counting rule present
114,87,Promising,in Ireland,storage-news-14fb6b94e3b0,Ofgem grants electricity interconnector license for Great Britain-Ireland link - Offshore-Energy.biz,Watch item,Grid flexibility / interconnector,,,,,Ireland,,,Ofgem grants electricity interconnector license for Great Britain-Ireland link Offshore-Energy.biz,Do not include in renewable generation totals unless this is explicitly connected renewable generation.,Offshore-Energy.biz,https://news.google.com/rss/articles/CBMisAFBVV95cUxQUFJvMzVLWkUyTXlKTXE4MmFzbnR6T2FwMzRMZkpNSUEyN3cwdFFkTkxIWFl0VVdWV0J6Vkd1MFhxYUdleUZhVkVnZVhpRGNrRzBpYXMyMzVPc0tSdVoxSEpNSUJnUEFVWjFTRi1XS0UwUTlhOWh0OFVMMkdQWmFXWWNIRjBtQkpHZm1xTm5pMzhVN3VfaWZFS29QMm5ISFJvQUxzUHltMGllOGFxdDJ0RA?oc=5,storage-specific language; Ireland-sited or Ireland-specific; operational; connected; planning; counting rule present
115,87,Promising,in Ireland,storage-news-01eb523cf61d,Drax’s Cruachan pumped storage hydro power station wins six year contract to keep electricity system stable - Drax Global,Watch item,Storage / grid flexibility,,,,,,,,Drax’s Cruachan pumped storage hydro power station wins six year contract to keep electricity system stable Drax Global,Do not include in renewable generation totals unless this is explicitly connected renewable generation.,Drax Global,https://news.google.com/rss/articles/CBMi2gFBVV95cUxOY2RNZGJNMWpFMWdtRjhRN2FOTExxOW96NklJUmROTGN4RnQ4MVY1a1BHMGM5UUkzY3QxUlJsSVlxa2VzR28wcUdONEdIRHJHNEFaazZ6MWdnWk9QeHc4WXJSODJGLTZWV2hGVTBoUEhZSFlwMWR6ZXZPQTltM1NXUy1pbDFpbXRmejZweTNpa2VkREJrUEFIVkZnTjRZd2NERF9IZUpBaVVYRDNFa2RPWEFqbzBycjhHWlFPYTNlZEN6RExBVUc3MEx6NTZjMjJFbTU4TkdlMnYtZw?oc=5,storage-specific language; Ireland-sited or Ireland-specific; operational; connected; planning; counting rule present
116,87,Promising,in Ireland,storage-news-1db1df05ae83,Opposition in Ballaghaderreen to battery energy storage facility near local housing estate - Irish Independent,Watch item,Battery energy storage,,,,,Ireland,,,Opposition in Ballaghaderreen to battery energy storage facility near local housing estate Irish Independent,Do not include in renewable generation totals unless this is explicitly connected renewable generation.,Irish Independent,https://news.google.com/rss/articles/CBMi5gFBVV95cUxQd0Z4eHpGTzBDUUdpUGZUcllfb3hGbVhKd0haVWxlemdPTE0zOW1kVHo5ak9lOFJmN2JIMFhRMDdyeW1JVDFaQXJHdUxzSE9mWjBkcWtqa19ReHFSX3hkU2MteDJMME9GT3RJR1JycXIwbGFmTEs1M3p5OXBaVW00Zm5wTVBJNl9MZHUtdzdhcjBySnZsbkF1dDBtc01zWS1zZHpGS3Z0ckhQR0ttbGJ0a2UyWnFTYjdEUW9tbHZab055WUxXNmUwc2g1Zk8yeExXVkF2NEJ2VDQtUDdtZTFtRjNwcDRQdw?oc=5,storage-specific language; Ireland-sited or Ireland-specific; operational; connected; planning; counting rule present
117,87,Promising,in Ireland,storage-news-07da7e4f722e,Green light in Cork for battery storage facility for solar farm - Irish Independent,Watch item,Battery energy storage,,,,,Co. Cork,,,Green light in Cork for battery storage facility for solar farm Irish Independent,Do not include in renewable generation totals unless this is explicitly connected renewable generation.,Irish Independent,https://news.google.com/rss/articles/CBMiuwFBVV95cUxPQ0ZscDJzMEg4QWdLcXBCNWpaeVB4OGIyRXVCVThZQ1FaYzh1aVpGZWxHRHhGMkxBQ3g4ZHp0cm1aTUd0bVZmNEFCQWhwZXBvMnV6SnVzYXZWcVpKZmhpT1ktUFVPM1BpdlhFYU96Wk9tWFJNNHdnNzY0TVlkNFhyVVM0V3VKRjdOZ3dwNkJfdmFTX3RSNGUtU09TVERONHpwcU45UG4wNTJteTY2bTR3ZmFiZFppUDRGNVJN?oc=5,storage-specific language; Ireland-sited or Ireland-specific; operational; connected; planning; counting rule present
118,87,Promising,in Ireland,storage-news-a96a11ac1a2b,Approval for battery energy storage system in north Mayo - Connaught Telegraph,Watch item,Battery energy storage,,,,,Co. Mayo,,,Approval for battery energy storage system in north Mayo Connaught Telegraph,Do not include in renewable generation totals unless this is explicitly connected renewable generation.,Connaught Telegraph,https://news.google.com/rss/articles/CBMingFBVV95cUxPTVI2RHlRRm1wNVIwX2dtWmk5RnVvS0dsOHYxQ1JwSFNTNUh6N3E4OGw3YkRyOUNnRDgySVJ0NW1yc0JVZjdvOHhUREJ4MVNaN2pJZEpYMzZTcDMxSEhXOVFNQlVMTjlETVFza0NtVXFldnY5ZU1kMHdFVTM3UUVLMmdkbGFWUXVNS3ZsZVRob2o1NkpfdENaNUYxQVRRQQ?oc=5,storage-specific language; Ireland-sited or Ireland-specific; operational; connected; planning; counting rule present
119,87,Promising,in Ireland,storage-news-615b6f35dc6d,Ireland’s new electricity connection policy can ‘speed up’ renewable projects - Pinsent Masons,Watch item,Storage / grid flexibility,,,,,Ireland,,,Ireland’s new electricity connection policy can ‘speed up’ renewable projects Pinsent Masons,Do not include in renewable generation totals unless this is explicitly connected renewable generation.,Pinsent Masons,https://news.google.com/rss/articles/CBMijAFBVV95cUxNTDNqVkstdG1hYUdFSFVxLUFRMFFzYk1RcUdEVEVsSFkzejgxVE1xRWlXcElMWUJlMXQyLTQxNkN4M1pVRzJJVkpqSXlOeVlwVWtGTXdVOFFjZ2RPbkM2YUY5QWx5bzFVNmwzZFo3NjQ4OUw2YmZOVHRnTDFIRS1DZnJxYlR4aFE5a3oxZw?oc=5,storage-specific language; Ireland-sited or Ireland-specific; operational; connected; planning; counting rule present
120,87,Promising,in Ireland,storage-news-378c2f87357d,Battery storage fire sparks concerns for Kildare opponents - kildare-nationalist.ie,Watch item,Battery energy storage,,,,,Co. Kildare,,,Battery storage fire sparks concerns for Kildare opponents kildare-nationalist.ie,Do not include in renewable generation totals unless this is explicitly connected renewable generation.,kildare-nationalist.ie,https://news.google.com/rss/articles/CBMitAFBVV95cUxNX2NjdmdpRVo2d2txNkQxQy1TN1BJRllKZlhPa3VGNGNkMm5heG9UTDdUWGU2YWEzbU5DSlphQl9yUXB6M2lhelRUOVZsbktKSFlCQXcwZkhydjV3ZFdqWXhRQlBJU1NyYjR1cTdPV2FHS0xYT2RvVXp2WEt2UnA0aVhCZGtDM00wZjNaTFVKTnJmSFVGeGswc09IMGFUMjY4Y3I5bzBsV2poYmI4SG80cmF2VTY?oc=5,storage-specific language; Ireland-sited or Ireland-specific; operational; connected; planning; counting rule present
121,87,Promising,in Ireland,storage-news-ec4e1eec1881,New Kildare battery power plant gets go ahead - Agriland,Watch item,Battery energy storage,,,,,Co. Kildare,,,New Kildare battery power plant gets go ahead Agriland,Do not include in renewable generation totals unless this is explicitly connected renewable generation.,Agriland,https://news.google.com/rss/articles/CBMilAFBVV95cUxPTlg2WDktNm5mZlg0bzhDWHNmV1JfaUdxNWtsbkIzeHpsTXh1RkxOVmo4T3hRMFFMa3VuLVhrOFM4NnhjYkFQUFpJYS1abWFpTDNTVlUwTXUtbC10bWNNZHpZSjZTQlduRDI0eHM1eGE3QmxxRjhMbUVpamVhY3lCbl9OZDVVV1VrNWFfMjIwOHlJd0Mz?oc=5,storage-specific language; Ireland-sited or Ireland-specific; operational; connected; planning; counting rule present
122,87,Promising,in Ireland,storage-news-c863e98f147f,Mid Ulster planners approve battery energy storage system next to electricity substation - northernirelandworld.com,Watch item,Battery energy storage,,,,,Ireland,,,Mid Ulster planners approve battery energy storage system next to electricity substation northernirelandworld.com,Do not include in renewable generation totals unless this is explicitly connected renewable generation.,northernirelandworld.com,https://news.google.com/rss/articles/CBMi6wFBVV95cUxPWnFoUmlNRmxnN3h6S21lMGhhRE5Nd2JkTmRFOGpwWlJHbzJBZWtSb3NfUlRhSU1mZl9Iei1hZ0FMVVE5MnVxRWhvX2Z3RjVNVFUyT3pTWVFLcjhXVlpZNjNqMDdCclBTYllXUVRRcS1qOXRtb1RRTlprM19Ud1ZTd0xvLWU4T2UyVzdLejNfWnBrdTJoUTRLeUlfR2hfSEVXMDliRV82RUZyX0E2MWFoSzdqeUo5SDNnWVROTlIxUzQtRWVRdnpSWmRpWFNKSGliS1Q2aVd5UlQzRTVqdVNJM1pYcFdWTk12MlRz?oc=5,storage-specific language; Ireland-sited or Ireland-specific; operational; connected; planning; counting rule present
123,87,Promising,in Ireland,storage-news-7f0885a2b995,Claregalway battery fire fall-out still goes on - Connacht Tribune,Watch item,Battery energy storage,,,,,,,,Claregalway battery fire fall-out still goes on Connacht Tribune,Do not include in renewable generation totals unless this is explicitly connected renewable generation.,Connacht Tribune,https://news.google.com/rss/articles/CBMilgFBVV95cUxOSGlwenNydVBScWp2MktVN0JNMXhRZ2lDUVJhN2N5U2J0VURTMF8xWWNjMlpzRWE0aGlXZ2M3bVFXZHU2VzBQazVieGpseEd3b0pNNkNiRDlxZ2Mzcm1Md2c0YUdtLUY1MnF4MHl2TXVuZjZqc2ZXblRDNklHZVNBRGplaEZGQy03c1pYZ2VWWUNGUEhnZkE?oc=5,storage-specific language; Ireland-sited or Ireland-specific; operational; connected; planning; counting rule present
124,87,Watch,benchmark only,storage-news-c2a6951d918e,RES submits planning application for 100 MW capacity BESS - Energy Global,Proposed / planning,Battery energy storage,100.0,,,,,,,RES submits planning application for 100 MW capacity BESS Energy Global,Do not include in renewable generation totals unless this is explicitly connected renewable generation.,Energy Global,https://news.google.com/rss/articles/CBMisAFBVV95cUxNZHhldHk1ZDhIQXVvRDhGaURtYzdaeGR5Ml9hMjJTUENIb0o0VFZHQllhM0EzMkZ0UExhdW02cmtPRVdIdXlOejYwZC1pZF9UVmU0bVdKSXFrMWgxa2pncm9xVHFmd191SXdZR2NKQnNYbExHTFBYdE5XdHNOZFgtWTRoQ196MUlzY0VVci13VHBjLU9MdlhQSnpLZE1ITURfeF85bDVtUkZITEVHeXRiZA?oc=5,storage-specific language; benchmark only; >=50 MW; operational; connected; planning; proposed; counting rule present
125,87,Promising,in Ireland,storage-news-1282d8fded68,"Massive growth potential continues for battery storage in UK and Ireland, co-location emerging - energy-storage.news",Watch item,Battery energy storage,,,,,Ireland,,,"Massive growth potential continues for battery storage in UK and Ireland, co-location emerging energy-storage.news",Do not include in renewable generation totals unless this is explicitly connected renewable generation.,energy-storage.news,https://news.google.com/rss/articles/CBMixAFBVV95cUxQQ29RWDJfaU55Q3hHLVpsaUxTWXp4VlNBZGMwemlZeXJ0eTN4RFdmVWtWRkpnVlkzT0VrVHY3SG1INlE3c0dkVE1sVGdsc2hCbGVQN19TckZwOWZCVDdyMExNdTlDeWJTOU92UGVpS1pUTDJaLWxpVTNmcVFxVU8xbURhWENHUmVqT0dla3pNNU9RbVZ6d1Z5Ynk0M1ltS01FM1ZiNHFwekxOOVg0cU54WVVEWGIwTlFnZG9yaTlhdEpteGhF?oc=5,storage-specific language; Ireland-sited or Ireland-specific; operational; connected; planning; counting rule present
126,87,Watch,benchmark only,storage-news-b5d47d3b8455,"Apatura, Exagen, Firstway and others land 750MW of BESS planning consent in GB - energy-storage.news",Proposed / planning,Battery energy storage,750.0,,,,,,,"Apatura, Exagen, Firstway and others land 750MW of BESS planning consent in GB energy-storage.news",Do not include in renewable generation totals unless this is explicitly connected renewable generation.,energy-storage.news,https://news.google.com/rss/articles/CBMirgFBVV95cUxOcUVqZnZXNXpxQ1V4UGR3VS1PUUZnWll0V21GWU1qMnB0SDFaMkVjOExEZkNtSXZWb05hWlFYR2gwX3hUQjRPMGkwb24zWmlfQmFDSGx5Z051RzlWdW1HamJjV1ZPLXh0ZWFLV1VHQ1Y0aEs5bW93VVZXdU5xOVpHZmFCQ0dWV0RtV28zNkVBbjk3RUJST0hkdXF6NWJobmJTU0dmX25xMnh4eENha2c?oc=5,storage-specific language; benchmark only; >=50 MW; operational; connected; planning; proposed; counting rule present
127,87,Promising,in Ireland,storage-news-7bab6988e467,Heron Group’s first battery storage project goes live in Banbridge - The Irish News,Watch item,Battery energy storage,,,,,Ireland,,,Heron Group’s first battery storage project goes live in Banbridge The Irish News,Do not include in renewable generation totals unless this is explicitly connected renewable generation.,The Irish News,https://news.google.com/rss/articles/CBMizgFBVV95cUxQdGtQQ2RMbGc4RkFNcUdoYUxDdFBvVUQ1TUxuekluTFVWbUlfV2ZISG5FYU9kaUlNVTdDcGVOOF9BWng4QVJJbkZwX28xWEJfd3duQWJSWnZOUzhiQTVYVXVOZG9FZm5KWVl2TE5zOFhWTE01NFNvU0Eza0tGVUZva3NxNnF6UFlfM1JZaGZnR2xQUzF0cmtfSFV2UjVFU2NlRG9Pa2RCOERvMkhpVGU4YTE3UERUWnUxaGNnVGFhSzc3YXdaMUVLVWpPd3A2dw?oc=5,storage-specific language; Ireland-sited or Ireland-specific; operational; connected; planning; counting rule present
128,87,Watch,benchmark only,storage-news-506486c78fcd,RES submits planning permission for 150MW Scottish BESS - Solar Power Portal,Proposed / planning,Battery energy storage,150.0,,,,,,,RES submits planning permission for 150MW Scottish BESS Solar Power Portal,Do not include in renewable generation totals unless this is explicitly connected renewable generation.,Solar Power Portal,https://news.google.com/rss/articles/CBMiqgFBVV95cUxQWXhWTGwxaWhxaUpnU0R4aFhFYWczU1AwalQ1ZUJPcmN6RDlRYjZiMkRkVFJzNEVNcUVoOEs0ZmhhdHpmV29Wb1Nad25GVEhITWdmUnN4TzJ5WnV0LXAyaU9Ja09iN1h2TUNBa3hKTEQ0Y2d6ZzFrbUh6cEI0VVJuN0ZHMDB6NDJXVVZsSmpjX3gwYV9hU1pPRGtnZFVVSlJ5U0tpcTMxWXl6Zw?oc=5,storage-specific language; benchmark only; >=50 MW; operational; connected; planning; proposed; counting rule present
129,87,Watch,benchmark only,storage-news-8c2062466617,UK developer BOOM Power wins planning approval for 300MW/660MWh BESS project - energy-storage.news,Proposed / planning,Battery energy storage,300.0,,,,,,,UK developer BOOM Power wins planning approval for 300MW/660MWh BESS project energy-storage.news,Do not include in renewable generation totals unless this is explicitly connected renewable generation.,energy-storage.news,https://news.google.com/rss/articles/CBMirgFBVV95cUxQWmExSHYwT05oeGlUODd3TEF3bWtjdmlIc2ptanRhSUdJQkNkdk9BN28wMDBZZU00WXA1Uko5R3VIY3lRamRWWS1VQ0V5eEcwRWhwd2dLOGU5alI5ZnpaRm5KNHV2UzhDZmtEZHBPU2h1czFKVVJuVlQtVnRzVWtxS2EwaWlnb0l5V2JWakVJd0l6T29uOWtBVDFLeDRyNDZrdTlUc2dxZVRtMUJtU3c?oc=5,storage-specific language; benchmark only; >=50 MW; operational; connected; planning; proposed; counting rule present
130,87,Watch,benchmark only,storage-news-eda5d33b56f9,Developer Penso Power wins planning approval for 100MW/250MWh UK BESS on appeal - energy-storage.news,Proposed / planning,Battery energy storage,100.0,,,,,,,Developer Penso Power wins planning approval for 100MW/250MWh UK BESS on appeal energy-storage.news,Do not include in renewable generation totals unless this is explicitly connected renewable generation.,energy-storage.news,https://news.google.com/rss/articles/CBMisgFBVV95cUxOZ2ViYWRaMHNfMG1GcE5tUjB4RUtrT29MTldGVTg4R19BV1FQTk5kS2FFMDNCWVRNcTIxT0wyUVFnZnV4Y1AzOEZoZGVqYzd4bkV4WWRhY2kwQTBOR3lYREdhams4TFJoM0Qzc1pHNHBSVmVHdUJGZElEc0hpaUw4MDYxRG9UM1NTZnZPSnhNYTFpQXotcU14OTdkNERMNFlPUjgxY2ZWMmdlM2lCdVVES3V3?oc=5,storage-specific language; benchmark only; >=50 MW; operational; connected; planning; proposed; counting rule present
131,87,Watch,benchmark only,storage-news-d2cb04a84eba,Aukera lands planning approval for 249.9MW York BESS - Solar Power Portal,Proposed / planning,Battery energy storage,249.9,,,,,,,Aukera lands planning approval for 249.9MW York BESS Solar Power Portal,Do not include in renewable generation totals unless this is explicitly connected renewable generation.,Solar Power Portal,https://news.google.com/rss/articles/CBMipgFBVV95cUxORERjdWo5cDBkek43R0lHTHZvSGliSlVIeTM1SkpnT200anlISGQ5ck9nOS1NUzdGbXp0SG0xZ3hQcmFHT0Z0V1pzZ0o4eFVVRUx3bDZJcDRBdFZOMnhVOWExS0VYV2VnQkpxeC02NXJiaFB4a3N5Uno2SW5HaDh2b2dqYWZWZmJwYjRuWEl4SGFXSDV4azc0M3FXM2VFdkp0d1ZyRHZR?oc=5,storage-specific language; benchmark only; >=50 MW; operational; connected; planning; proposed; counting rule present
132,87,Watch,benchmark only,storage-news-67d8f06d8447,EDF’s Pivot Power gets planning permission for next 100MW of 2GW UK BESS pipeline - energy-storage.news,Proposed / planning,Battery energy storage,100.0,,,,,,,EDF’s Pivot Power gets planning permission for next 100MW of 2GW UK BESS pipeline energy-storage.news,Do not include in renewable generation totals unless this is explicitly connected renewable generation.,energy-storage.news,https://news.google.com/rss/articles/CBMitAFBVV95cUxObDR1bUpieUdBVHlUOWdFTXZlRnJkVlNpUFZhVzRNSVN6Vk1pQTJYMXhzRE9tRTd4dHRvSFpzSDlJWnNyNFZTRkNuU19fRG8yWDZINUVPWDV5bUVqcEtpV2tIN3IwWXpzbFhhcXRuYk1aTWRjZFp1Rl94bFNzcXpTbC1ZTmpSakFoNFp1VUcwU2YxVk42Z1Vud2s1QndBVC1qNlpPVmIxSk1HUmREUFg4YzVFcGc?oc=5,storage-specific language; benchmark only; >=50 MW; operational; connected; planning; proposed; counting rule present
133,87,Promising,in Ireland,storage-news-2a2dfbab68b6,Northern Ireland to become the innovation hub for energy storage - agendani.com,Watch item,Storage / grid flexibility,,,,,Ireland,,,Northern Ireland to become the innovation hub for energy storage agendani.com,Do not include in renewable generation totals unless this is explicitly connected renewable generation.,agendani.com,https://news.google.com/rss/articles/CBMilAFBVV95cUxPTkJjTlFNUVBLeU90cUNmelRJdDU4NU03Q3pMTldMWDZ1LVF6a1RVMUF2dTRkRkxHampVbGdTbWotZVRiNFh1OUR4RzVPbV93d3JvbVdGZzRZVXN3ZVU2U0tSSlRUZWtxYVlQb1ZURTcyN3pnS1ptSTFqQmlLMlFHUUQxUTIyV2M4Z3lRSzFzSDExcHBD?oc=5,storage-specific language; Ireland-sited or Ireland-specific; operational; connected; planning; counting rule present
134,87,Promising,in Ireland,storage-news-2758f9382c56,Rathoe hydrogen storage project to hold public information day - carlow-nationalist.ie,Watch item,LDES / green hydrogen storage,,,,,Co. Carlow,,,Rathoe hydrogen storage project to hold public information day carlow-nationalist.ie,Do not include in renewable generation totals unless this is explicitly connected renewable generation.,carlow-nationalist.ie,https://news.google.com/rss/articles/CBMiugFBVV95cUxPNWN1SmlPLWY2TkZHbkVld3lkVC1icUFac043aUJveUtTbXRCRURteWRpbHhMTUVyeXJGVEp2YmkzNERKZ0hXVVJ0bHRpMWN0RGdjeVJNZEs3aThidWZCLXNlNXZQS1drVXl5bkpMWlJrSGZPNUxyUFkwbVQ3djZ3cFNiT1FxdkVVQnVIcmx0V0h0eGJ2ejJ0LV9hYkpvSUJPSGtBWTQxOXloZ1ZncEUzMVRxby1FNEgwWFE?oc=5,storage-specific language; Ireland-sited or Ireland-specific; operational; connected; planning; counting rule present
135,87,Promising,in Ireland,storage-news-782f93ba9a1f,New €2 billion renewable energy facility planned for Carlow - carlow-nationalist.ie,Watch item,Storage / grid flexibility,,,,2.0,Co. Carlow,,,New €2 billion renewable energy facility planned for Carlow carlow-nationalist.ie,Do not include in renewable generation totals unless this is explicitly connected renewable generation.,carlow-nationalist.ie,https://news.google.com/rss/articles/CBMixwFBVV95cUxQOXF2NWNpU3pXT0FKbkE2R181SVJMVDF5NGdwMW4xVTZkX0NEeDNxOXNmSW55SHNnNUNUdG41WVU3WVZnaWdnZTBSYWJnc2tuMFFaWFlZS0swajFuT29hXzBRT1F3cTRua1NuNVZTZnlyM0FwcVZSdHM4dHVDck5QWkJodG80RmZpVDlUSHM3RXBzN0RkcEZRNHA3Y1JHWUFiZUJWRzhHMVpXaE13QVFUQmRiR0IzejVCYXlNT19pa1JGZ2o2UENZ?oc=5,storage-specific language; Ireland-sited or Ireland-specific; operational; connected; planning; counting rule present
136,83,Watch,benchmark only,storage-news-3c0604978bae,Scottish government grants planning consent for 1.8GW/40GWh UK pumped hydro project - energy-storage.news,Proposed / planning,Pumped hydro storage,,,40.0,,,,,Scottish government grants planning consent for 1.8GW/40GWh UK pumped hydro project energy-storage.news,Do not include in renewable generation totals unless this is explicitly connected renewable generation.,energy-storage.news,https://news.google.com/rss/articles/CBMitwFBVV95cUxOVkJDV3FCNGJaWl9VTXRrY3BqUVMyTExIRGpYSk1nSFk3WnpSZUE2SUowMmxtdTNJSVFDQU9yZFFSbDdQZS14anlzYlZRTFBReGEwT0c0U2VmNXotTmxsYzVFbW9iYW1KWWR4Qi1ZdmNadUZzTjIwVEFGOE5OdDlER0NpaGt2bWttTXpvX2NmNTRtdjBmcjJ3Q1Ntdm5hWTktbGRIaXFTbm9JUnY4MzJUZVlIamlFb0U?oc=5,storage-specific language; benchmark only; energy capacity stated; operational; connected; planning; proposed; counting rule present
137,83,Watch,benchmark only,storage-news-8cd1724f8add,"Statera gets planning consent for 6-hour, 2.4GWh UK BESS project with BYD batteries - energy-storage.news",Proposed / planning,Battery energy storage,,,2.4,,,,,"Statera gets planning consent for 6-hour, 2.4GWh UK BESS project with BYD batteries energy-storage.news",Do not include in renewable generation totals unless this is explicitly connected renewable generation.,energy-storage.news,https://news.google.com/rss/articles/CBMinwFBVV95cUxQRFk2X2lzRlBHRDJyR2RPV29qTGxncU1lV3ZHcUFScHRQLTFSYkVpTGgwampPQm9BbWliNEpuN1d2RUlLR2piemNFRDhyWG5TZVZ4M2NUSWdVcWt2WDR2VVcyWFJJSUlBaUI0NFlJajRBYjNrZ0hOQUR1THI1UTNER0pZcnY3NXd5SHRLdGxSRlE0VXBLaUdfcDYwczlHbWc?oc=5,storage-specific language; benchmark only; energy capacity stated; operational; connected; planning; proposed; counting rule present
138,81,Watch,benchmark only,storage-news-6237d4e0bc6d,New 600MW storage plan could turn wasted wind power into electricity - Interesting Engineering,Watch item,Storage / grid flexibility,600.0,,,,,,,New 600MW storage plan could turn wasted wind power into electricity Interesting Engineering,Do not include in renewable generation totals unless this is explicitly connected renewable generation.,Interesting Engineering,https://news.google.com/rss/articles/CBMifEFVX3lxTE1Vd1hySUZrN2hJUVo3a3JKNW1wX01yM1BaR1NEcGUtMU9Wdm9odVRzUmdQUUxfQlVaSEFtcWQxSW91T3RFYlZqTGwwLVZkMlZ3NTE0MjQwQjRMRldlOWMxRHdIR01QT2xzRTgwNFJmY3ZNZXQ4eThGYk9tbGc?oc=5,storage-specific language; benchmark only; >=50 MW; operational; connected; planning; counting rule present
139,81,Watch,benchmark only,storage-news-2bbd53935dd8,S4 Energy to Acquire 310 MW Battery Energy Storage Portfolio in Germany - Mercom Capital Group,Watch item,Battery energy storage,310.0,,,,,,,S4 Energy to Acquire 310 MW Battery Energy Storage Portfolio in Germany Mercom Capital Group,Do not include in renewable generation totals unless this is explicitly connected renewable generation.,Mercom Capital Group,https://news.google.com/rss/articles/CBMinwFBVV95cUxQR2ZDNEdYOVVyc1M1bm5XMmlteHFqeC0tZEttclhKZFlwVUc4clJJcTVIcDBWS1JhczRsT0VZa0w4ZG5JS2doZ3d0WUdLUXlsUTRVM2R5Mk5xMl8zMnEyQkdzWmVxWkhnV0ZaQzd5NWFTbXJXa1VRSWhTNzNaOGlueXluVVIzSG9veEpTR2I2Z3hsRURRNDRKMFQzSXRzOWc?oc=5,storage-specific language; benchmark only; >=50 MW; operational; connected; planning; counting rule present
140,81,Watch,benchmark only,storage-news-aed514c6f882,Wärtsilä signs a repeat order with EDF Renewables to supply a 50 MW / 100 MWh Energy Superhub battery system to the UK - wartsila.com,Watch item,Battery energy storage,50.0,,,,,,,Wärtsilä signs a repeat order with EDF Renewables to supply a 50 MW / 100 MWh Energy Superhub battery system to the UK wartsila.com,Do not include in renewable generation totals unless this is explicitly connected renewable generation.,wartsila.com,https://news.google.com/rss/articles/CBMigAJBVV95cUxQRW1IU3BYQ0sxVVNadlJTVm0zV2RyQVhVcEVlNzh4bXhwUWpFblBBc0pWRW1zNWJZSDE2aExYZW5Xbk5tWFBDVGR5S0JZRTVibkpHMzE5QjhYeGgyaURFeHpVTWxyeXFuSENsa1ZoaHp2eWRvQ0lHeDZULXVXbFRPSW4taURsakFiQ3BMdThZQkJtcVNFcGJPODlLV3pXc1c5YUw4bFZRM0Q5Z3BMTjh0UkEtdnlVaFB0T2tTV2dDYm5HLUswZjJZNy1FdlNyMVZoOHJzSU9PWmxDN2o3bFNjLWVXWWI1VlFvRVFnZkZCdmlDVHNtSks1a3J3Yi1yZVMw?oc=5,storage-specific language; benchmark only; >=50 MW; operational; connected; planning; counting rule present
141,81,Watch,benchmark only,storage-news-6623ee174b3a,"Oman awards 2 GW pumped hydro, 500 MW solar projects to EDF-led group - renewablesnow.com",Watch item,Pumped hydro storage,500.0,,,,,,,"Oman awards 2 GW pumped hydro, 500 MW solar projects to EDF-led group renewablesnow.com",Do not include in renewable generation totals unless this is explicitly connected renewable generation.,renewablesnow.com,https://news.google.com/rss/articles/CBMirAFBVV95cUxPOVV6VGJCWEtFMVVuX0pFM21ZN1NJczhuMERjZzJ5emItZjhGUE9ZYy04dnNGcUJpYm1VU0I0dFdTMlU0MzR3LWVCMjVnRnZaTi1vLWpDRWoySGgtZkVkYnBPTU1BTlhxQnFfc1hLajM5cW5nMHd0bmRPd2hqSUhLaEwycEtnODQ5MTJEaldHRWZkY0pEVW5obHdFSzBTV1J4VUhpZ25qRDlZZHp6?oc=5,storage-specific language; benchmark only; >=50 MW; operational; connected; planning; counting rule present
142,81,Watch,benchmark only,storage-news-ad0d061805fb,Development consent granted for 600MW underground pumped hydro plant in Scotland - energy-storage.news,Watch item,Pumped hydro storage,600.0,,,,,,,Development consent granted for 600MW underground pumped hydro plant in Scotland energy-storage.news,Do not include in renewable generation totals unless this is explicitly connected renewable generation.,energy-storage.news,https://news.google.com/rss/articles/CBMiswFBVV95cUxNeWlWZTV6d3ZuYWg2UjM3OWZsckdUVDBucTMwRmZ1UjU4WVRxWENpRWprRTh5TmkxN0RwQ29LWlNGekhTMjVRMDF2cFpTVGI0RmJSQXNZREcxVEd6MURDSmlMZlJUeG40MzRZdGR0SXVuNGVsSEFjQXJ3V1ZzVFZRV2FTNXhSTEhkQzV4MFZBTVBaUlVjTktvNlU3eGNyRzE4TkxBS2p1VU91WUo4a01KN0JGNA?oc=5,storage-specific language; benchmark only; >=50 MW; operational; connected; planning; counting rule present
143,81,Watch,benchmark only,storage-news-48aa84b2e008,Uniper to recommission 160 MW pumped storage plant in Germany - ess-news.com,Watch item,Storage / grid flexibility,160.0,,,,,,,Uniper to recommission 160 MW pumped storage plant in Germany ess-news.com,Do not include in renewable generation totals unless this is explicitly connected renewable generation.,ess-news.com,https://news.google.com/rss/articles/CBMinwFBVV95cUxPYnU2LUZtTHZyRXJJWlNiNURwV0dHaW5fdWttSF9kYnJhbEMtdmxKd0dCNG5ZSlYzanNzZmFuZUh0N2ZMU3NrckhEVmF1SkdyMlBsT0xYdWhoRXB5VU5jOWVEZTRhNUt4VmJ6ZldVdkhRazg4U0FlR3JlNGpadVF2UmgzWnVaMnNRX0pXWExEUnNnT1daZDl0YmpOdXRIbUE?oc=5,storage-specific language; benchmark only; >=50 MW; operational; connected; planning; counting rule present
144,81,Watch,benchmark only,storage-news-5ef3d08e4703,Ørsted to pump Hornsea 3 juice into 600MWh battery near Norwich - theenergyst.com,Watch item,Battery energy storage,600.0,,,,,,,Ørsted to pump Hornsea 3 juice into 600MWh battery near Norwich theenergyst.com,Do not include in renewable generation totals unless this is explicitly connected renewable generation.,theenergyst.com,https://news.google.com/rss/articles/CBMikgFBVV95cUxQM1RwSUloWEJKM0VNWkpfbEU2SW5GblBlaGl1a3lZTm1GNDlUekJTWE1DYkdiLWVKS1ZIREZ3UnZGWFdwRURfWlE5anpzeU5NWGJpZWU4dWdGcUJEZFJPeUhQOTJNaDdyWkhiOWRNb2M1U3ZMN2ZHMzhDMXM5by1Vb0lGV05xMFU0ZEFBU2I4SjUtdw?oc=5,storage-specific language; benchmark only; >=50 MW; operational; connected; planning; counting rule present
145,81,Watch,benchmark only,storage-news-9dcaed830f50,Major 600MW battery energy storage system planned for Co Antrim - belfasttelegraph.co.uk,Watch item,Battery energy storage,600.0,,,,,,,Major 600MW battery energy storage system planned for Co Antrim belfasttelegraph.co.uk,Do not include in renewable generation totals unless this is explicitly connected renewable generation.,belfasttelegraph.co.uk,https://news.google.com/rss/articles/CBMi3gFBVV95cUxOMFExZ1lZaHotVFd1b004d2I1ZWRZdURWWi1EZHNuNWZkNTNtNTA3UVVEcHdtSm5IN3poY2pvWEdkcF9uMjk5SkFPSnM4bUIxYkkwRWVRcU1iaG5hZWJZbDJLUUtnc3VoUmUwWVU0UTZnNmkzNjdTTFBSYlUtTU0wYUlkUElOMTBRRUFzVzQ3b3FlZUZjdDh1Y0Z2MEdHdHhUUGZrYWNmQUNBTkFXbk5qS2FfVTloUkMwU0FuOHlLTlliZHNrM1FLRVR4YnNZWHBmWVZ2ZXB5T1lQbXNNc2c?oc=5,storage-specific language; benchmark only; >=50 MW; operational; connected; planning; counting rule present
146,77,Promising,in Ireland,storage-news-dd45432b244a,Plan for controversial energy storage facility in Galway refused by council - Irish Independent,Refused / challenged,Storage / grid flexibility,,,,,Co. Galway,,,Plan for controversial energy storage facility in Galway refused by council Irish Independent,Do not include in renewable generation totals unless this is explicitly connected renewable generation.,Irish Independent,https://news.google.com/rss/articles/CBMizgFBVV95cUxQRjJQZXBIcGtxVGZuOXhlYm5MdXNjZVNpN29UMFpmaGhHZTc0Q3YtX2dXc25STHVtNUtQSlFnSDZCNEZFZmtxZkNoalg5RHNUQV9XWDZheVBtcVhHS0NsZGplLTJSaDQ2TXRJZGYxYVNDZGZFbTN5V2t0MUtqdHFPOTMzajRjbG91ZDdORjRyOW43bzI2NWViOXF4WklOdmpscU9fTUFzWnREVFBQN1BFeThHcGxEVkRSeUhDeXd2LW9kbFJxSmtvYm93RUNOdw?oc=5,storage-specific language; Ireland-sited or Ireland-specific; operational; connected; planning; refused; counting rule present
147,75,Watch,benchmark only,storage-news-8200cc720c15,Planning approval granted for £75 million Energy Storage Project - lisburncastlereagh.gov.uk,Proposed / planning,Storage / grid flexibility,,,,,,,,Planning approval granted for £75 million Energy Storage Project lisburncastlereagh.gov.uk,Do not include in renewable generation totals unless this is explicitly connected renewable generation.,lisburncastlereagh.gov.uk,https://news.google.com/rss/articles/CBMipgFBVV95cUxNS2g4X05qcmQtay1HWmFydVFfSjZKNXk1RWIxMVJsdExtMnhrSWEwUzJWRjFOWUQ3QkhVUDF5bFN3UVdfYlRrMUpGSXFRVmlBSW1WMkNZMWF5TEJSMHhKX3JTT0RPSHYyR0lBcERFMXNnZXd4aGxLamM0ZDl3TDFrVTdDMm5KZmpYQ2hEUjVKcUJ3WVNTZkFQQ3RFSENJR0g2VUlfM1Fn?oc=5,storage-specific language; benchmark only; operational; connected; planning; proposed; counting rule present
148,75,Watch,benchmark only,storage-news-aa358bc35a04,SSE secures planning consent for revised Mullafarry BESS - Energy Global,Proposed / planning,Battery energy storage,,,,,,,,SSE secures planning consent for revised Mullafarry BESS Energy Global,Do not include in renewable generation totals unless this is explicitly connected renewable generation.,Energy Global,https://news.google.com/rss/articles/CBMirwFBVV95cUxPdHQ2VlctelVGa1o4ZVd6MEU4QThid05oX2VwMVZYR01sS3VLTDZXNUlLd09XdWhaU0RYMURKRmZ0RGlWRlRISVdEMTdTdjh3UkZJOW5meURLUjgxNmNCXy01b0Qxc205cGNBb0EwemgyWVVzNGtRUno4c201dDJYaG1OallNSHZBbjJ0UWFmSkxaSDJNbGhSWWFhbGtvNy0tZ0dObERBQ2E2Vm4zdWZF?oc=5,storage-specific language; benchmark only; operational; connected; planning; proposed; counting rule present
149,75,Watch,benchmark only,storage-news-48f029c46525,Planning application submitted for first iron-air battery storage project 'in Europe' south-west of Buncrana - Derry Journal,Proposed / planning,Battery energy storage,,,,,,,,Planning application submitted for first iron-air battery storage project 'in Europe' south-west of Buncrana Derry Journal,Do not include in renewable generation totals unless this is explicitly connected renewable generation.,Derry Journal,https://news.google.com/rss/articles/CBMi8gFBVV95cUxOSGtkYjA2NkdQM00wV1F4QmJ6UjcxdnlFRkI5bW05SUU1YTd3dDNQQjVSdzNxMThBa1dyLS1zT3BtLVRUNl83R3Fyd05fSDExQ2dDaEVXc2tPejlDclVvNXhDMXJ4eTR6VC0ydUl4WHVwYVJ5a3lhaGdia0cwT2tCaEJRYlprY2hyUVFUbzdvdHhTY0hldVRJV3llZFJMOGpVU2YyWm9HVzF0N2ktVldyR0c1cGtYaHZJWHBRcWdGY1l6bGY1UkdDb3J0bHoxMDkxcUxDWTVTdkZQNno1a01Tdl8xNDc5ODhBTnRyM0pkTDdUdw?oc=5,storage-specific language; benchmark only; operational; connected; planning; proposed; counting rule present
150,75,Watch,benchmark only,storage-news-e4d237931cfa,Planning barriers ‘threaten to stall momentum’ in UK battery storage market - energy-storage.news,Proposed / planning,Battery energy storage,,,,,,,,Planning barriers ‘threaten to stall momentum’ in UK battery storage market energy-storage.news,Do not include in renewable generation totals unless this is explicitly connected renewable generation.,energy-storage.news,https://news.google.com/rss/articles/CBMiqgFBVV95cUxNVEI4MGdjQ0tydFFhRlE0RlljM284cXF3aElKel9QMEVON01teXJBdHU3di1NdUFGSDFGb3E4bG9MT3FPRDRJeVpoXzlwNlBuU1BnS3dzRDZLcDRhbWxjempINEJaMjlCWmEzNjV2NWJLdHRReG95OFRCdGNBdUJyeU51cFZvTFJEVzFiY2FnTy13SFpvSS13QXc0ZVdLVEJOOXBsbFY0RzRLQQ?oc=5,storage-specific language; benchmark only; operational; connected; planning; proposed; counting rule present
151,75,Watch,benchmark only,storage-news-eb8748643b9a,ROUNDUP: UK BESS and pumped hydro projects in planning and progress - energy-storage.news,Proposed / planning,Battery energy storage,,,,,,,,ROUNDUP: UK BESS and pumped hydro projects in planning and progress energy-storage.news,Do not include in renewable generation totals unless this is explicitly connected renewable generation.,energy-storage.news,https://news.google.com/rss/articles/CBMioAFBVV95cUxPZnhwQzc1VXF2VVMzUUVidWl0akJOMHAxTm5rdVBDRGtubWNDbmE5Wlp1MV9Id0J4cWJIaUR4R0xLMmJfd01vZVlKdkczamN0WU8zSU16NkJjNW1ybDJmQ1pLWEJzdHdMcHlONmlfSjlKQmhUUFV6elp1UXVGMlNHSzNISlFCdFA0MS1NeUJzVEJwdnNQVkZGcWwyVVBacWls?oc=5,storage-specific language; benchmark only; operational; connected; planning; proposed; counting rule present
152,75,Watch,benchmark only,storage-news-d0332dafca4f,YLEM Energy submits planning applications for Scottish battery storage sites - insider.co.uk,Proposed / planning,Battery energy storage,,,,,,,,YLEM Energy submits planning applications for Scottish battery storage sites insider.co.uk,Do not include in renewable generation totals unless this is explicitly connected renewable generation.,insider.co.uk,https://news.google.com/rss/articles/CBMiiAFBVV95cUxOMFQwYzN2RDdaMUdLdURlTlZHMlNvWUhjelFjUGk2Q0c4clZaeUZEcUlEcy1vdVpIRi1HQTd3TlBqdVZBQkNKWUY4V1hWLTRiMGJSTGZxZzZKLWtCakJYZlZXSHVNVVI1ZnllVTVXbjFkOXVtTUNITUcwaGZyTTBSYUh1U1lUYk5l0gGOAUFVX3lxTFB5YUkwY1FzSmNLdThuUkZVWFlzVkE2MXg2aHRJdkRWLXc0SUE5WE9sVUZ6VjFTRnJERjJXeG5rY2xXM3ZOcFNzcUcxWG83RHpBMjl4RzVSTjhseENYQ1dpTE1YajMtaFpna1JLbUZzQ05uUkdpOVJqZEZ1MVBzTVN3M000RTN0cF9KTUU5WHc?oc=5,storage-specific language; benchmark only; operational; connected; planning; proposed; counting rule present
153,74,Watch,benchmark only,storage-news-168debfe4911,Source Galileo Sells 40 MW Battery Energy Storage Project - Mercom Capital Group,Watch item,Battery energy storage,40.0,,,,,,,Source Galileo Sells 40 MW Battery Energy Storage Project Mercom Capital Group,Do not include in renewable generation totals unless this is explicitly connected renewable generation.,Mercom Capital Group,https://news.google.com/rss/articles/CBMihAFBVV95cUxPWVpEMzV2LXc1b1NkTjRWZTAyd3dtbW9GM3F3S1YxcUVTMEZocEtlLXdoaThRVzAzMWVZY0pBRnJyMlNyZjA4bEdGZC1XOWtFLTRRM0x3VmhjQ0hDZy14T2Jkc05EWmJzRFNRVmlMYk95ME9BbUZVS043NHJsYXRPN1phV3U?oc=5,storage-specific language; benchmark only; capacity stated; operational; connected; planning; counting rule present
154,69,Watch,benchmark only,storage-news-2746e28d88c9,Europe’s battery storage market – an unprecedented growth story is facing new challenges - Fieldfisher,Watch item,Battery energy storage,,,,,,,,Europe’s battery storage market – an unprecedented growth story is facing new challenges Fieldfisher,Do not include in renewable generation totals unless this is explicitly connected renewable generation.,Fieldfisher,https://news.google.com/rss/articles/CBMiwAFBVV95cUxPeVE4anhzMUdOOUg0R3o5NHhxNENCWlRfcTJUSjVhYlVOUHdabnhGenBmaDRrTXpFaWJLN3hyLTdFamNhS1hoRi10bTdnWDc0eFhuSEVmcjh2cm5IeUk3Sm9RejN6NW1KMzRZMmNqbm1Ya0NjYmMwUHpKVDBtUEFnRmRMdjAxbUdrSEVpS2Jvckl5eTB1enlmb0ZzcldmRjZmNGxMOTdRczB1eEk2bjhjeFRwU3g2ZWpCay1zSTJySTU?oc=5,storage-specific language; benchmark only; operational; connected; planning; counting rule present
155,69,Watch,benchmark only,storage-news-ece09276d790,"VIDEO – Energy Storage Summit 2026: How much LDES does the UK need, and at what price? - energy-storage.news",Watch item,Storage / grid flexibility,,,,,,,,"VIDEO – Energy Storage Summit 2026: How much LDES does the UK need, and at what price? energy-storage.news",Do not include in renewable generation totals unless this is explicitly connected renewable generation.,energy-storage.news,https://news.google.com/rss/articles/CBMitAFBVV95cUxQbVRKMS1EckJETm1sWHhZZDljZ0U3U1BtSEJnUEE3anhsUmpsS2VqVUw4RzlHTHV1UE95R3Vudk9zUjFTWmZ3VWkyek1JeDlMXzFCQ2NUUFByczRYaklYaXp6N015VkJHNGNodF9seENBcFBaVjJoeURsbThSVTJER3BmSi0tMUpheVAyR2ZFZEc0RWN2RFYwbnhmb0ZmQU5uWGR0S01ibVBuSUlCYkVRcXZDcWo?oc=5,storage-specific language; benchmark only; operational; connected; planning; counting rule present
156,69,Watch,benchmark only,storage-news-908abe818b9a,Long duration storage momentum masks a commercial reality check - rechargenews.com,Watch item,Storage / grid flexibility,,,,,,,,Long duration storage momentum masks a commercial reality check rechargenews.com,Do not include in renewable generation totals unless this is explicitly connected renewable generation.,rechargenews.com,https://news.google.com/rss/articles/CBMiuwFBVV95cUxQZklWVGNUYzB1Q2xFdE5pRzNIZmpIdEN0VEVwMDU4Z3pGaU1ZcVQ4c2ZJZ3BfTWVFY1RQLV9NS3V3Y3N2OGlIeDZDNmxZdlY2V0llZXBNYkVITldlQWwzajFKNnI2dFlILVRKTHc3QThtUTdWOFQyWHZ0R2U2NEcwLVBtRDVqVC0wVHVKRFl3THpxNHduQnhwRnBBVzg5dWpIMTQtVVBvWHBDZWtuQ19EVy1SZUp1SDVSaHdr?oc=5,storage-specific language; benchmark only; operational; connected; planning; counting rule present
157,69,Watch,benchmark only,storage-news-0d6d9be59a20,Energy Storage Facility Turns Excess Renewables into Green Hydrogen - tomorrowsworldtoday.com,Watch item,LDES / green hydrogen storage,,,,,,,,Energy Storage Facility Turns Excess Renewables into Green Hydrogen tomorrowsworldtoday.com,Do not include in renewable generation totals unless this is explicitly connected renewable generation.,tomorrowsworldtoday.com,https://news.google.com/rss/articles/CBMiuwFBVV95cUxONXl5d05GVTJCR3pTYkcyc2dIZjVQeHE3TDZ4NGd0TEFvbVZPQ19lbEZRM3pWYW5BaldTSmtGa1ZjQ2hyZE9kbFRIcjF3Wm00UjJBb0JhSVlfYV9zcEduRVNpMHlMUjV0cHNKaUU4XzJUYjI2dko5cGpZaXM0a24tQmxENmswYWQyS3ZEMFNpVE9hTDl3dmZqeTZXU0IxV2lERjB0VEFaRl9UU1VtUGNKUlI3UkhBSTFhWmxz?oc=5,storage-specific language; benchmark only; operational; connected; planning; counting rule present
158,69,Watch,benchmark only,storage-news-2f4dcf1c13d1,VIDEO – Energy Storage Summit 2026: what technology will be deployed for LDES? - energy-storage.news,Watch item,Storage / grid flexibility,,,,,,,,VIDEO – Energy Storage Summit 2026: what technology will be deployed for LDES? energy-storage.news,Do not include in renewable generation totals unless this is explicitly connected renewable generation.,energy-storage.news,https://news.google.com/rss/articles/CBMiqwFBVV95cUxNMlJyQnFJbDQtbGk0b2ZIZTZ2SFNROHNReURnQWNhRmFzZVRvUTRleWtwXzlSb3N5N3lFVExfZ1pzSURXa1BIaFlHek5PUjc4cTNoZTFGdGZ4ZDBlYmVkWExBOWJpVFBPckRZcjBCblFONV9FV0RJX1RIOEpJbWFxdmRRaVBjX0luYmhjWG9ZLXY3dlFhVzRFWTkwTHdKOXNwaHJTTHkzLTdycUU?oc=5,storage-specific language; benchmark only; operational; connected; planning; counting rule present
159,69,Watch,benchmark only,storage-news-650e560f38d7,"Energy Dome and SRP to Add Long-Duration Energy Storage Project to the Grid, Expand Google Collaboration - pressreleasehub.pa.media",Watch item,Storage / grid flexibility,,,,,,,,"Energy Dome and SRP to Add Long-Duration Energy Storage Project to the Grid, Expand Google Collaboration pressreleasehub.pa.media",Do not include in renewable generation totals unless this is explicitly connected renewable generation.,pressreleasehub.pa.media,https://news.google.com/rss/articles/CBMi6wFBVV95cUxNZ0lENlZlLUpaLUhFdUd3SHdUdjZLWXlXSnNLM2x0MFptQlBjRDVTZ0VPeHl0aGEteGlSVk0zNWJ2YUNBM1BjejZYcjRKUldmRmJHS1ZjbUFhdWh6SnJDc3RWa3pXNndGaE55bkIwV2lLT1dkVmlTUG5VSWpjR3JzNmQ1WXlrWVgzcUdaVFNzdGNKZ3hOMFRTMGFXY0xaYWJ6OVBxNmZJR3pSWk9adkJVdDdXVWpTenZReGRvLU82bXdMUlY2YUM5cUdudlN2WE1rdXYzLXN4Q3lpeDVMVXJPVS12VzRjVEFtYS1r?oc=5,storage-specific language; benchmark only; operational; connected; planning; counting rule present
160,69,Watch,benchmark only,storage-news-d14f544853db,Energy Dome and SEC Launch Victoria's First Long-Duration CO2 Battery Project - energynews.pro,Watch item,Battery energy storage,,,,,,,,Energy Dome and SEC Launch Victoria's First Long-Duration CO2 Battery Project energynews.pro,Do not include in renewable generation totals unless this is explicitly connected renewable generation.,energynews.pro,https://news.google.com/rss/articles/CBMipAFBVV95cUxPVEtnTnE1LXRRWlByaGZ3QU5wN0wzUGhaNTJIbVhOYjhGTC00eHFlejRhV0J4WkVGMTJKd3NWOG9qQzl4S0pnbm1mNXV1RWpfZ2Y4ZUZjNTRTUHlOSV9aMWw2SkJDY242UmROdnlVRkp4OUNWNENsWkpvYlpoQS1ydVFCN2pYV2s3emtEUFlqeUFqMFQ2ek15eGI5bDFYeEkwVWowaw?oc=5,storage-specific language; benchmark only; operational; connected; planning; counting rule present
161,69,Watch,benchmark only,storage-news-e88c77f28cc3,UK government sets 8-hour minimum for LDES cap-and-floor scheme - energy-storage.news,Watch item,Storage / grid flexibility,,,,,,,,UK government sets 8-hour minimum for LDES cap-and-floor scheme energy-storage.news,Do not include in renewable generation totals unless this is explicitly connected renewable generation.,energy-storage.news,https://news.google.com/rss/articles/CBMinAFBVV95cUxQQ3pyei05aER3cW9fUzhuMzVmekJLbDdDclZsRTRpenIwenRueTJDVDZ4ajYzaHprWEJPNk1YT3dUaG1yMUdhNlRkbkI5SVR4b1RYZXJGcmQ1R19Db0dMMm5NYzBlckEwdzZ0d05EZmlnTm1MWmxfNW5WNEVlSUdHMzZRNDNDYW1ZUWRCTTNxNTNDT1FacXdfclM1Vi0?oc=5,storage-specific language; benchmark only; operational; connected; planning; counting rule present
162,69,Watch,benchmark only,storage-news-44ef2a217387,"UK BESS asset management has moved to ‘disciplined, systems-level approach’ - energy-storage.news",Watch item,Battery energy storage,,,,,,,,"UK BESS asset management has moved to ‘disciplined, systems-level approach’ energy-storage.news",Do not include in renewable generation totals unless this is explicitly connected renewable generation.,energy-storage.news,https://news.google.com/rss/articles/CBMiqAFBVV95cUxNQ1gzQUhiNU1HVjZ0WXdNdUFETFgyUEVKZTd5T1psb2MtOC1lWGpvcmtuWEpjNnQ3MklQUlRSUXg3Y2xESkxpYnFhakZTVG5yUXA3eUdsdlduVWpfd2hFWW9NX3U4RWZqU19iNGdRSkFxajYtSUJfVGdqQ0hyZFV6VW9KaXZRV2hGZ3pxcWd5TFVvbW04TEQ5dE5HUEV4ZmJORVF0RDNpRWM?oc=5,storage-specific language; benchmark only; operational; connected; planning; counting rule present
163,69,Watch,benchmark only,storage-news-8c8d9f68c911,Battery energy storage systems (BESS) - The House of Commons Library,Watch item,Battery energy storage,,,,,,,,Battery energy storage systems (BESS) The House of Commons Library,Do not include in renewable generation totals unless this is explicitly connected renewable generation.,The House of Commons Library,https://news.google.com/rss/articles/CBMic0FVX3lxTE9LaklvOTQ3TUp6UTlvOXRjaDFScUhKY1d5bnZOWDFUSmlyUEhWR0FleEprMFdtUmJtYVY2aUVtVjBPM0owMm9CY2JRdFFnS1FKYmRzeWY4OFJGSmo1VDRaT3FPMXdwRl9kQ2pyOXpVVzBjcTA?oc=5,storage-specific language; benchmark only; operational; connected; planning; counting rule present
164,69,Watch,benchmark only,storage-news-be64cc0f626a,‘Few viable LDES technologies beyond 24-hours’: CAES developer Corre Energy - energy-storage.news,Watch item,Storage / grid flexibility,,,,,,,,‘Few viable LDES technologies beyond 24-hours’: CAES developer Corre Energy energy-storage.news,Do not include in renewable generation totals unless this is explicitly connected renewable generation.,energy-storage.news,https://news.google.com/rss/articles/CBMiqAFBVV95cUxOTy1Jd0xyUXFpUXVEcllHbXotNk5rTjBqbUQxNjFucVlLRkExQVVqdlAzajRWNjY0Ykd3dEhkOWlxc1Q2X1p0OC1BS2VOUmxfTW9scjBCclZjbmtwWTdHZzFOa09reHpDa19mR2VPTTJJVFJhRVE4U2FSXzRUVl9faVUwbWh5WEZaOFpSYmlybW5WVnM1RExvS3BTbDJfR0JEUzlITWcwU0s?oc=5,storage-specific language; benchmark only; operational; connected; planning; counting rule present
165,69,Watch,benchmark only,storage-news-28d63d196b46,Larne Lough gas storage caverns could aid net zero plan - study - BBC,Watch item,LDES / green hydrogen storage,,,,,,,,Larne Lough gas storage caverns could aid net zero plan - study BBC,Do not include in renewable generation totals unless this is explicitly connected renewable generation.,BBC,https://news.google.com/rss/articles/CBMiZkFVX3lxTE9nVU5kd1JSZVc3VVJqUHB2MU5HbzVkWElvME9rOF9tQ2RpbnU1ZmRtbDhuN0JfS1hDTXZQZkpha01USnlCR2xFSlBLVEdKUTRmbFZTRXlvY0xTUDNfUzZLMUgwOU5NQQ?oc=5,storage-specific language; benchmark only; operational; connected; planning; counting rule present
166,69,Watch,benchmark only,storage-news-e5a06dc58ef6,"TotalEnergies to buy stake in EPH’s flex-gen fleet, including gigawatts of battery storage, in €5.1 billion deal - ess-news.com",Watch item,Battery energy storage,,,,5.1,,,,"TotalEnergies to buy stake in EPH’s flex-gen fleet, including gigawatts of battery storage, in €5.1 billion deal ess-news.com",Do not include in renewable generation totals unless this is explicitly connected renewable generation.,ess-news.com,https://news.google.com/rss/articles/CBMi3wFBVV95cUxPem1xcHlKUlhQbTJJZGRuVlBsUm5oNUdqTm1nMzlZSGE1Njk3TVF3a2gzSWc0bU9QbjZZRkxLa1o4ek1HQzU5UVV2R0M1c3FRQlg5c1FMdHUyZHA3V3dkMWZVVHdXRGRlWDZLdTljX2dVVVhfRUFuWmUya2R6cWJNVUdvTmNVUS1tM2ZnZmJpRGUyMDlDa3JnSXFDcWdOSWU1bDNYdHhmaUZGNkZXY2kwczVkSlVWY2xBWGtXYklRcWdkRVlPMTNBN2pmSmg3RGFQQUF0dEpUOWJKR190Vktz?oc=5,storage-specific language; benchmark only; operational; connected; planning; counting rule present
167,69,Watch,benchmark only,storage-news-a715d0e5c0b4,Stacking up the storage: where the UK battery market stands in 2025 | RenewableUK EnergyPulse - renewableuk.com,Watch item,Battery energy storage,,,,,,,,Stacking up the storage: where the UK battery market stands in 2025 | RenewableUK EnergyPulse renewableuk.com,Do not include in renewable generation totals unless this is explicitly connected renewable generation.,renewableuk.com,https://news.google.com/rss/articles/CBMisgFBVV95cUxOaUoyNHYta2dicjhTby1tZUk0b25iMHdzSTJib3BaelRWNkxYMWJlakptUDkxdTdmdUlRcjlOUkJPMi1LN0JRSGpMQ0ZwX0RoT1FJN3pOOW5weXkzYlZCZ0FaNW4tXzBEdnNfX25WVjgzNjZ1M0JuLTIxMzlWRVJtM09uNExQczFiNDlxaFhjeGtSLXpJQkpIVmR6ZTRDRkx6S09HYTRzWC1uMkJSUlcxYmVn?oc=5,storage-specific language; benchmark only; operational; connected; planning; counting rule present
168,69,Watch,benchmark only,storage-news-31e7b8271600,Equinor moves ahead with first UK grid-scale battery storage project - energy-storage.news,Watch item,Battery energy storage,,,,,,,,Equinor moves ahead with first UK grid-scale battery storage project energy-storage.news,Do not include in renewable generation totals unless this is explicitly connected renewable generation.,energy-storage.news,https://news.google.com/rss/articles/CBMiowFBVV95cUxOMHktVWg1dVBhcjB3ejhmcFhwdGx0SXlQLUc5RkxHMm03Q0RFQ01CRk1uT2Etelk5RjliWl9fOEtlMmJQQXdtZm1HeWFfMUlLYmViRGRtS3JrenRFT2tHZ3EtOU9iQi1vbHhoRlJhNnFwY1NGZjZkN2MzR1c4cWhFTHV0UzJDMlFCbkxMNXd0bGJLQjFqRmNPNlNHV0dXU1hVSFdn?oc=5,storage-specific language; benchmark only; operational; connected; planning; counting rule present
169,69,Watch,benchmark only,storage-news-2a2e0460f9af,Local authority in England plans its second grid-scale battery storage system - energy-storage.news,Watch item,Battery energy storage,,,,,,,,Local authority in England plans its second grid-scale battery storage system energy-storage.news,Do not include in renewable generation totals unless this is explicitly connected renewable generation.,energy-storage.news,https://news.google.com/rss/articles/CBMirwFBVV95cUxNRDJvYmxhaFZ1ZkhDYUJKTnVKaGlzQkRSTkFXRl9QdEc1UzcyTThVRHFUZHRKXy1vbHduN0N0a2luWHBrUkpfNEd0bHFPd1VZUmlZbnY5SndvaF95UTVxNENIcXJkSTl5dHVsQ2lORFgwNWdfaE5pQmU5MzNqdjNncVhRSWdTd1JZRk1OcE1fM2gtamZ2VGdsbFlBdm51QlJYVWVERnRRTU9RN1JKSjFF?oc=5,storage-specific language; benchmark only; operational; connected; planning; counting rule present
170,69,Watch,benchmark only,storage-news-50c69e0fd2e2,Arup supports NI Water on large-scale battery energy storage system project - watermagazine.co.uk,Watch item,Battery energy storage,,,,,,,,Arup supports NI Water on large-scale battery energy storage system project watermagazine.co.uk,Do not include in renewable generation totals unless this is explicitly connected renewable generation.,watermagazine.co.uk,https://news.google.com/rss/articles/CBMiuwFBVV95cUxPMEV4Q1c5WGNXc3BLSXRvOW9LVGZvMzh0VF9feUNxWGEtUzdrdHRzU1UwTm9Cb0JPYWZQRFh0QVQ4OW1TMGV6RHhkdEQ4emN4SWpCbHdnVHRjMzFFSHY3anBUZkFoclJTc2NLaDdLM0Z0V3VBQXBMZWNoY20xQ2F6NGFNeVhrRS1BcWw4aGFZQmQzVjNWYTFoelF2RlVJaV9DMHRWOHZVVkxyc2NCQTY2d2VyMlBpaTZDdVhn?oc=5,storage-specific language; benchmark only; operational; connected; planning; counting rule present
171,69,Watch,benchmark only,storage-news-f53b0833cfd6,Wärtsilä and EDF Renewables UK partner on sixth battery project to decarbonise the UK’s electricity system - wartsila.com,Watch item,Battery energy storage,,,,,,,,Wärtsilä and EDF Renewables UK partner on sixth battery project to decarbonise the UK’s electricity system wartsila.com,Do not include in renewable generation totals unless this is explicitly connected renewable generation.,wartsila.com,https://news.google.com/rss/articles/CBMi8wFBVV95cUxPLXg3MHBwZVNYcmRackxkWW9QTEIyRGMydzRiS0xodkpvQXVrVnhzTWhyNk5Hcnh5QjZ3ckpOcnEwMS0wNllWRXZsVTJjRTN4bnNCcHZsVTZYTUFQNmpOdjhzOVNHVWdLRy1pd1dqQTcyMnN2UndvX0xkZmpXNWJVaHZXR0M3TjJ4RC1HcXhpSnlIZHQ3WFJTbkZmdlpfcV9laDFLSUl3ei00dXZJYUY5aVVsX2p4S3gtRDlNakJjZ1hVOV9KSmtGbGxuZ0k2aDZlcG5uaGNUWXNPWE9jSHM2MU1McGhYWkQ4UXN5MUs2bXVrU0E?oc=5,storage-specific language; benchmark only; operational; connected; planning; counting rule present
172,69,Watch,benchmark only,storage-news-1c8362f90377,RESR: Renewable Energy Storage Reactor for Mobile Applications - sfi.ie,Watch item,Storage / grid flexibility,,,,,,,,RESR: Renewable Energy Storage Reactor for Mobile Applications sfi.ie,Do not include in renewable generation totals unless this is explicitly connected renewable generation.,sfi.ie,https://news.google.com/rss/articles/CBMiX0FVX3lxTE1kMXVEamREZDVTb19McnFmRW1BTGNGZi02Mk56dE8tUmNYSlU1bHhkZ1pFWXZRVE8yYUZsX1lfYmh2N1FLQkRtRlZCdHprSFo1SzlTN3JIb1VCdmtwejR3?oc=5,storage-specific language; benchmark only; operational; connected; planning; counting rule present
173,69,Watch,benchmark only,storage-news-bc80ad0c13ef,Green hydrogen a ‘golden ticket’ towards net zero goals - agendani.com,Watch item,LDES / green hydrogen storage,,,,,,,,Green hydrogen a ‘golden ticket’ towards net zero goals agendani.com,Do not include in renewable generation totals unless this is explicitly connected renewable generation.,agendani.com,https://news.google.com/rss/articles/CBMihgFBVV95cUxQREpnQ0hJMnBEZHVLSk40VUYxQl9GV3ZhRGZVWjlsT1JkUXdMUEpndXBfdEhyeTBXREg1MFp4OG1Vajd2X2cyLWtrWG5VMlczUVdCTUsxOC00NFp0cTZ5aFZIWXBOVk1PRXVrdFoyUU9wUEFWNGUwYnlNRjZCdU8yUk1oVWRDdw?oc=5,storage-specific language; benchmark only; operational; connected; planning; counting rule present
174,69,Watch,benchmark only,storage-news-f2b8567aae14,Long-duration electricity storage needs for coping with Dunkelflaute events in Europe - Nature,Watch item,Storage / grid flexibility,,,,,,,,Long-duration electricity storage needs for coping with Dunkelflaute events in Europe Nature,Do not include in renewable generation totals unless this is explicitly connected renewable generation.,Nature,https://news.google.com/rss/articles/CBMiX0FVX3lxTFBMOHFLYS1sRE1qSWF0M29CcEpuYlYzY0ZoQjJMY3pZWlpTSmdPM1VfZFRhSW9xVkh5aTBPcVNwTWVrZm9ZQXZqb2RmNkFxY2N0SlZtVmN5bEU1ZlVGZzlJ?oc=5,storage-specific language; benchmark only; operational; connected; planning; counting rule present
175,69,Watch,benchmark only,storage-news-eed20e2fddd9,Larne Lough gas storage caverns could aid net zero plan - study - BBC,Watch item,LDES / green hydrogen storage,,,,,,,,Larne Lough gas storage caverns could aid net zero plan - study BBC,Do not include in renewable generation totals unless this is explicitly connected renewable generation.,BBC,https://news.google.com/rss/articles/CBMiY0FVX3lxTE15RW0yUGtaZURvc0p1UHF4ZmZfRGVDQlJSUkM2eS1HSy10QWVJeTFUa0pQaTd6alBQQmY0NS1rYnJZaTR1MmUtVWFGWHBqM2daLW9oYjZOZUZKVm9EdkRqeXVJcw?oc=5,storage-specific language; benchmark only; operational; connected; planning; counting rule present
176,69,Watch,benchmark only,storage-news-4f9048ed3039,Kimberly-Clark Commits to Green Hydrogen in UK - fuelcellsworks.com,Watch item,LDES / green hydrogen storage,,,,,,,,Kimberly-Clark Commits to Green Hydrogen in UK fuelcellsworks.com,Do not include in renewable generation totals unless this is explicitly connected renewable generation.,fuelcellsworks.com,https://news.google.com/rss/articles/CBMi2AFBVV95cUxQWWp1TVB0cUFnQ2pNMHNLMF9CNER0QVJSN3V3UnJkVURrZmRRSjg1bGZoUkNpd2d3azU4MjMzeW5rdVN2Yzl3OXJaQlh6T2lzbDB1UlRuZ3RRVUZyLUJudm9aRFZPOHBKdWIwY1lzNzZ5X2xPanJPdU1FWTEzb0VIbmwyQWFLQ2l6QU45dUtUbW44YUxjRGNKY2NqanBFMGI3M0tCa0tfazdjaWNQdlZOX0tDOG1BMUxqb0w4dGMwYTFwc0xXZUpkMU9LUVk4MEJEbk9yb0IyTEk?oc=5,storage-specific language; benchmark only; operational; connected; planning; counting rule present
177,69,Watch,benchmark only,storage-news-5e9ba0676712,ACES Delta I Hydrogen Production and Storage - wsp.com,Watch item,LDES / green hydrogen storage,,,,,,,,ACES Delta I Hydrogen Production and Storage wsp.com,Do not include in renewable generation totals unless this is explicitly connected renewable generation.,wsp.com,https://news.google.com/rss/articles/CBMihgFBVV95cUxPTEE5MHRzUWhJZjdjbDZicXo5Z2xMU0RqRWN6cmZQRkdpMm90TllXdDY2b2RRTG1IT1Z4QWlYcl9WWklMTmxVMEdvRVpGNmpnSlk2RlJnRU9mOVZtbkhWVUkwYzJRRjJkcVlCdWZfUnVoOUNhUFdEVXVmZEZ0OHp0dkNpX2lhUQ?oc=5,storage-specific language; benchmark only; operational; connected; planning; counting rule present
178,69,Watch,benchmark only,storage-news-f4cddc645339,Zenith Energy Gets On Board UK Gas and Hydrogen Storage Project - oedigital.com,Watch item,LDES / green hydrogen storage,,,,,,,,Zenith Energy Gets On Board UK Gas and Hydrogen Storage Project oedigital.com,Do not include in renewable generation totals unless this is explicitly connected renewable generation.,oedigital.com,https://news.google.com/rss/articles/CBMiowFBVV95cUxOUjA1Tkd0YlhWOHV1QzBKeXZhNE9NUmg1Yk5abzZSYlBtYm9BOHZLWjl6ZndiVE9mM0pkNXpJbWdyY3VEODlzWmdfZ0tPQzZzUnhPbEp3bXJBZUw1RW03cFJ6T3lramxzOFJoTFVCT1Z0eXBHRU9qVkdWSW1MSDN3N0wtcUNRNDhReDJHMk96OVNFcnI1R1FqLXN6Z05fU1otNTEw?oc=5,storage-specific language; benchmark only; operational; connected; planning; counting rule present
179,69,Watch,benchmark only,storage-news-2ca11ee8aa2b,How hydrogen is transforming these tiny Scottish islands - BBC,Watch item,LDES / green hydrogen storage,,,,,,,,How hydrogen is transforming these tiny Scottish islands BBC,Do not include in renewable generation totals unless this is explicitly connected renewable generation.,BBC,https://news.google.com/rss/articles/CBMimgFBVV95cUxNVTFIaU5lRkRVN09WRFYtbDlPYktwQWpRV001RmV4SDcybEhfMVFpZHpnMmxiWDhSR0lkLU4ySWxQR19hd1VDcVRKRmVfd1FnbDdBTjFSclY0c25zdkVQM21FOXkzUGd4NGJXQ2Y4RWdSQzlxNjhEVk9mWnIyUmFuSGpfd3NOSzJwMEZVSGJpSlY0MHN1RlkyS0pB?oc=5,storage-specific language; benchmark only; operational; connected; planning; counting rule present
180,69,Watch,benchmark only,storage-news-de376ddf25ce,"SSE begins work with Siemens to integrate hydrogen production, storage and combustion - thechemicalengineer.com",Watch item,LDES / green hydrogen storage,,,,,,,,"SSE begins work with Siemens to integrate hydrogen production, storage and combustion thechemicalengineer.com",Do not include in renewable generation totals unless this is explicitly connected renewable generation.,thechemicalengineer.com,https://news.google.com/rss/articles/CBMixAFBVV95cUxQbzV4SDRYYjB1M25JTms5b2lkVE9UOEJZdkRsZEdQSXVIUVM0eHhYYy1Pd1YwLUNnSU42Qk5BQ05uRnlnV1RMZFFDTzFjMnU3TTg4QWgtR0FnVndTQjZWZjVJYTI3alZuYnNabmlQOHdRa0g1LUdXclpUWE9RdERzMDN4UE5ZTVFscDR1SUltLUZvWXd5NkFqRzhqNHhFTjdnaHlQMUtMNkExcGN0QXVhWFRmc24tNE9PT1Y4cnl2dmdwQnht?oc=5,storage-specific language; benchmark only; operational; connected; planning; counting rule present
181,69,Watch,benchmark only,storage-news-a34ef4cd64b2,SSE Thermal and Equinor developing plans for world-leading hydrogen storage facility in Yorkshire - Equinor,Watch item,LDES / green hydrogen storage,,,,,,,,SSE Thermal and Equinor developing plans for world-leading hydrogen storage facility in Yorkshire Equinor,Do not include in renewable generation totals unless this is explicitly connected renewable generation.,Equinor,https://news.google.com/rss/articles/CBMinwFBVV95cUxOaVpsUEFYWHIzdUJ0RnNWS0ZKT1B5YXp4RHUwVnJtZXBXcGctVUJiMzVOSTNBT2hYNkdGYTgzTU1SemlXZEgxZkxkMHp3eFotb05IcUJNS2xKYW85TkpjQ3liWVZ0eUM3S3lRY00ycDNmUGJRUmhwSW1aOW83aEtETDRfdGxVR1lld2l3NEE1NEtKYTNYdEh5WGRGM25xTDQ?oc=5,storage-specific language; benchmark only; operational; connected; planning; counting rule present
182,69,Watch,benchmark only,storage-news-59f37c1d09ce,"UK ports flag hydrogen, ammonia barriers in net zero review - qcintel.com",Watch item,LDES / green hydrogen storage,,,,,,,,"UK ports flag hydrogen, ammonia barriers in net zero review qcintel.com",Do not include in renewable generation totals unless this is explicitly connected renewable generation.,qcintel.com,https://news.google.com/rss/articles/CBMirgFBVV95cUxQWUdYU0tYbFdWaE1aME1Va2l3V2RMUzA3c0RsUEZtLWh3anN5OHU3N2FBOVR2NXVmUUw0bFV2ZmhvS3FtRWhqeEV2NFBGckNDWHQ3NkJydEtTNzlQWElrRV9mZ1p6MlVXNkM3N1dtRXNZdHR5RVBUTDFjcUxidzhMQzByczdKZkhnTlJMRzBxa3JMTGUwVlV0OURFWnJkY1NyZ1VKb3YxdHJvZjJ0UlE?oc=5,storage-specific language; benchmark only; operational; connected; planning; counting rule present
183,69,Watch,benchmark only,storage-news-77540e29eb6c,Hydrogen for power | Samsung wins $100m deal to build ammonia facilities for co-firing at controversial new coal plant - hydrogeninsight.com,Watch item,LDES / green hydrogen storage,,,,,,,,Hydrogen for power | Samsung wins $100m deal to build ammonia facilities for co-firing at controversial new coal plant hydrogeninsight.com,Do not include in renewable generation totals unless this is explicitly connected renewable generation.,hydrogeninsight.com,https://news.google.com/rss/articles/CBMi-AFBVV95cUxQX2FuOWJPRjVWWHlFRlVjenIwQ25YeDhaZEdaYUtRaGdrd1p4ZC1maFJUSWI3QVhkeThpbFpGLUhHcFVMbFR3dmcxYXZTOFR0cXUwYjY1WDd0eU1UMmJxUWNKTXoyU3F6dmJHM1lYNUFmSnl4aGNQQXkwN2Rtc0hmZkp1OG54akZXMzMycjFoSXd1VGc3dFMtSXdmX2lUeHZobFlla3Jyc0lBTV94WE9ROWNpcVNPbUVQUjJHOVcwcTRsQVdNdXNoUVhpdm51UFRpb0trMlc3dFFMLXVqUUYzWHJ0UFVHcmNETi1JWWs0bHU5NmZ4N3JGTw?oc=5,storage-specific language; benchmark only; operational; connected; planning; counting rule present
184,69,Watch,benchmark only,storage-news-0d98b5acc5a2,Oven Mountain Pumped Hydro Energy Storage project – supporting the transition to renewable energy sources - AECOM,Watch item,Pumped hydro storage,,,,,,,,Oven Mountain Pumped Hydro Energy Storage project – supporting the transition to renewable energy sources AECOM,Do not include in renewable generation totals unless this is explicitly connected renewable generation.,AECOM,https://news.google.com/rss/articles/CBMiywFBVV95cUxPU0dIdWJqM3lQTHRhS2EzaHRxNGRKamVaektTYnEzY014YnNiWld3b2EwU1EwRTNlRHVfdE1tUzIyWW9LS3MwUURQSjlodWRJOGRzQ09GNjlnb2dIVWFsMUpTNTBvc0UxNEpDQWowZ09adnJnV000ZWNPZkdSNzRmS0hGd09CTnYxV01pRE1WYlFhakxnSkpGM3NJcHVyaGJhZEJzZEZpOG02V0g5N1dYRTRiaE5pTURxbnFMaG5qZGpkRTlhYXhfU3ROOA?oc=5,storage-specific language; benchmark only; operational; connected; planning; counting rule present
185,69,Watch,benchmark only,storage-news-6cf7d87504d2,Pumped hydro storage – India’s answer to LDES - bestmag.co.uk,Watch item,Pumped hydro storage,,,,,,,,Pumped hydro storage – India’s answer to LDES bestmag.co.uk,Do not include in renewable generation totals unless this is explicitly connected renewable generation.,bestmag.co.uk,https://news.google.com/rss/articles/CBMieEFVX3lxTE1maTU4NzMtTGljcWtfb3JWeXdEdldfY2p2amhESy1aN0VZWXZBV2k5OVU4elV2QXdsOC1oUkxPS3VGYnFMa1lqdkpCUGhDd05MZHpMMkhlYmx4RGpTWlNlbEkyc2dCQjczWGtJYnpkWWlvY2IzczUtaw?oc=5,storage-specific language; benchmark only; operational; connected; planning; counting rule present
186,69,Watch,benchmark only,storage-news-a8466aed92e9,Is this the world’s best battery? It’s not what you’d expect - Gulf News,Watch item,Battery energy storage,,,,,,,,Is this the world’s best battery? It’s not what you’d expect Gulf News,Do not include in renewable generation totals unless this is explicitly connected renewable generation.,Gulf News,https://news.google.com/rss/articles/CBMirgFBVV95cUxPWGJkZkZjZ0N2dFlDQml1SmQxOHU2NmtmNDYyYXc2OU53OGZ6cjJyeG1ERkRUUlY3MG54QzVNZkswdE84aW5uQlZSVXlGSGFqSm9jU0pKZ2lFcGt2MXRiT2FkQVo0bWl3WUxxeWZET3lxSElpdG5JcGJTZTh6OW0ybmVkVEVqdGx5ZnBtZUVQT3A3Z3ZGU3IyandwOU5pbGZQZjQ1bkZfc2tmQjJYU0E?oc=5,storage-specific language; benchmark only; operational; connected; planning; counting rule present
187,69,Watch,benchmark only,storage-news-417c5c210fd0,Tata Power to develop 2.8GW pumped hydro storage projects in India - Power Technology,Watch item,Pumped hydro storage,,,,,,,,Tata Power to develop 2.8GW pumped hydro storage projects in India Power Technology,Do not include in renewable generation totals unless this is explicitly connected renewable generation.,Power Technology,https://news.google.com/rss/articles/CBMiekFVX3lxTFBjWV9EdDRVV0dMY0pUaHRuTDJXN1ZtT1lNT254VnZMRjZmcFZ2VXgzc1JEb3A1WjV0MlY4VGkwZEtRNl9OZGlCQWJ6a1dLTy0wbThJWmx2d0dLcGFzSkZBT1ZoMndzS0VuZWhDUGp5NkFIVzMtQ1VWdnRR?oc=5,storage-specific language; benchmark only; operational; connected; planning; counting rule present
188,69,Watch,benchmark only,storage-news-b2ffbbae1509,"UK batteries, pumped hydro get 2.9GW of T-4 Capacity Market contracts at record price - energy-storage.news",Watch item,Pumped hydro storage,,,,,,,,"UK batteries, pumped hydro get 2.9GW of T-4 Capacity Market contracts at record price energy-storage.news",Do not include in renewable generation totals unless this is explicitly connected renewable generation.,energy-storage.news,https://news.google.com/rss/articles/CBMiuAFBVV95cUxQNE45ZjlQYVJZTjFZTWFPLXQxYXA5bXNRZlZhXzJKVjdqUGVXSjRsUXI1NllGLVFsRE80aHVWRE9vX0R5MUhrbkJVS0lBVTRxcHhyb2NUNThybHhULXZUWF9jVjRBaWFxUFVtNGFySVpJNmxEWERYdGNZcWVrN1ZFR2NsSGpJMGJZbVd3dXFJZm1sUmVmaU1aQUVwazhtdXJkUzlfbmJXRnJQVFRIeDgwYmpBRkphdlN1?oc=5,storage-specific language; benchmark only; operational; connected; planning; counting rule present
189,69,Watch,benchmark only,storage-news-be7b7354670a,Tower of power: gravity-based storage evolves beyond pumped hydro - Power Technology,Watch item,Pumped hydro storage,,,,,,,,Tower of power: gravity-based storage evolves beyond pumped hydro Power Technology,Do not include in renewable generation totals unless this is explicitly connected renewable generation.,Power Technology,https://news.google.com/rss/articles/CBMickFVX3lxTE90cExGalROUHNnMFFqeDZrN3R4Y0ZQOW8zeDRrdTVueUZJZDhzMDl6R01yeDBUZEFHVWJ3Vm8zckt6dkgzdU9aS0tYd1VCTEN4TkcySzBLM0dNbUs2MnBGSG1HQXB3MVp6UFp5MkdFOVFkZw?oc=5,storage-specific language; benchmark only; operational; connected; planning; counting rule present
190,69,Watch,benchmark only,storage-news-b4697cfae842,Energy breakthrough: How long-duration storage could solve the renewable puzzle - Gulf News,Watch item,Storage / grid flexibility,,,,,,,,Energy breakthrough: How long-duration storage could solve the renewable puzzle Gulf News,Do not include in renewable generation totals unless this is explicitly connected renewable generation.,Gulf News,https://news.google.com/rss/articles/CBMizgFBVV95cUxPOWlHV1BuUUJNYWVmejB0eS1QU3djR2VicDhRSUF4eE5Tckh1RnpnNFZrQi1ES0prSm5fSXROT3J6UmlZeWRiR01RVW92aFRabWRGVVcyX2xxU09BcEVrWmcwcUNmdEVlYXhhVkY4MTF6OC1Jc1hHN09ocWtuYlNSdS1yLVZXdDJ2UVVWWXpJRk00aGRWZkMyRTdTRjJ4QWYwblRuVjZaZFJhYTdJbHJfNjdOSE03WkRUVE9NTjk3eC1UMFowLVUxamFNdFhtdw?oc=5,storage-specific language; benchmark only; operational; connected; planning; counting rule present
191,69,Watch,benchmark only,storage-news-47f6c0e1097a,Electricity storage on the fly - Watt-Logic,Watch item,Storage / grid flexibility,,,,,,,,Electricity storage on the fly Watt-Logic,Do not include in renewable generation totals unless this is explicitly connected renewable generation.,Watt-Logic,https://news.google.com/rss/articles/CBMiakFVX3lxTFBBNkc3U2ZUS0pCeTAyLUF2TzN5VXMwUEt1Nm5ubkk4WXJBUVIxM21LNHo4eUsyRjZ5akE5bjdQR1NHaVpyelF3Q1dVTFFNZTJOTThpblJZODREa3I1bGp4dWZCaGZyR1ZiMmc?oc=5,storage-specific language; benchmark only; operational; connected; planning; counting rule present
192,69,Watch,benchmark only,storage-news-0cee29290358,Plans submitted for Rother battery storage facility on farmland - BBC,Watch item,Battery energy storage,,,,,,,,Plans submitted for Rother battery storage facility on farmland BBC,Do not include in renewable generation totals unless this is explicitly connected renewable generation.,BBC,https://news.google.com/rss/articles/CBMiWkFVX3lxTE1CVDhjOUJFVFBuVTNwb2x1NXFNbUYyekk4Z3FRcHU3OENKb05Edmw5SGMwd3czLWtsamhGb3lGMnk1YVJHdWx0SXFsd2drSFNXdXBsZVYwN1VxQQ?oc=5,storage-specific language; benchmark only; operational; connected; planning; counting rule present
193,69,Watch,benchmark only,storage-news-a914a1a26b4c,"UK BESS project approvals for ILI, Aukera, Apatura, Lightsource bp and data centre - energy-storage.news",Watch item,Battery energy storage,,,,,,,,"UK BESS project approvals for ILI, Aukera, Apatura, Lightsource bp and data centre energy-storage.news",Do not include in renewable generation totals unless this is explicitly connected renewable generation.,energy-storage.news,https://news.google.com/rss/articles/CBMisgFBVV95cUxOaUlzdVhDWW5iZldBNXI3QUpqaGlwSWFNZWliTDRfQ2N3Vk51VDUtZTFQd0NVNF9LTHFGN1U0VDBYelN3bmNpOGtwUmFBczdSVHpaa1M1dFV3QmdzdFdNclJXWjhiUTVMN2NwYU0yVzcxeFJvaEdGWFk0QWlkeldNZHBuU1FBNkI5OHBXZWVxUTk1N3JOa3R1bXNILVlnZEhXSXZDRjBMYUtzRVBvX3F3LTRR?oc=5,storage-specific language; benchmark only; operational; connected; planning; counting rule present
